0	Thoda Green Tea lekar piye, shayad charbi kam hojaaye.	0
0	Thoda Green Tea lekar usko apni gaand mein daal do, shayad charbi kam hojaaye.	1
1	Ye uncle apni biwi ke saath.. Roadside pe gaadi khadi karke.. Bhari dopahari me mithai kha rahe hai.. Shayad yehi pyaar hai	0
1	Ye uncle apni biwi ke saath.. Roadside pe gaadi khadi karke.. Bhari dopahari me pani patashe kha rahe hai.. Shayad yehi pyaar hai	1
2	Ladkiya iski baato se sahmat ho jati hain, iss baar aur ab se har baar @Lambar_Daar	0
2	Ladkiya iski baato se maan jati haar Iss baar aur ab se har baar @Lambar_Daar	1
3	'Bhai kuch paise udhaar dena" ka mahina.	0
3	'Bhai kuch paise udhaar dena" week of the month.	1
4	AAP walon ka ye haal hai ki agar Modi pe koi tippani karo to bhi unhe tarif hi lagti hai.	0
4	AAP walon ke ye haal hai ki agar Modi pe joke maro to bhi unhe tarif hi lagti hai.	1
5	Kya Modi ji Bloodshot issue par kuch kahenge ?? ~ Log	0
5	Kya Modi ji Bloodshot issue par kuch kahenge ?? ~ Liberals	1
6	Ravish, dukaan wale se Bhaiya 6 ande, 2 packet doodh, 1 bread aur aadha kilo samagri pack kar do.	0
6	Ravish, dukaan wale se Bhaiya 6 ande, 2 packet doodh, 1 bread aur aadha kilo jaati samikaran pack kar do #FarziPatrakarRavishKumar	1
7	Kisi bhi tarah ka account bana lo, log samay spend karne ke liye ready hain.	0
7	Kuch bhi chutiya account bana lo, log bahut velle hai.	1
8	Rabada ko kuch galat consequences ka samna karna padega.	0
8	Rabada ko maata raaani ka paap chadega.	1
9	Agar main kahoo mujhe tumse mohabbat hai, meri bas yeh hi chahat hai. Toh kya tum mujhe accept karogi?	0
9	Agar main kahoo mujhe tumse mohabbat hai, meri bas yeh hi chahat hai. Toh kya gaand marogi?	1
10	Suno dhyan se, humein Gandhi ke vichar mat dikhaao, chahe kitna bhi prayaas karo, hum sabse aage honge Hindustani.	0
10	Suno gaur se bhosdiwalo Gandhi nazar na hum par dalo Chahe gaand ka zor laga lo Sabse aage honge Hindustani	1
11	Koi Watson ko Wahab Riaz ke baare mein batao.	0
11	Watson ke kaan me dheere se Wahab Riaz to bol ke aao koi.	1
12	Neem ka patta kadwa hai.. Pakistan ke khilaf hai. #IndiaKiAwaaz #IndvsPak #ThereISaidIt	0
12	Neem ka patta kadwa hai.. Pakistan bhadwa hai. #IndiaKiAwaaz #IndvsPak #ThereISaidIt	1
13	Salman Khan ke bail hone se do khabrein rok di gayi "Salman ne pehli raat jail mein kya khaya" aur "Raat bhar karwat badalte rahe Salman Khan	0
13	Salman Khan Bail has prevented two news reports "Kya khaya pehli raat jail main Salman ne" "Raat bhar karwat badalte rahe bhai"	1
14	Woh pratighaat karte hain, hum sirf man ki baat karte hain #PoliticalDiscussion	0
14	Woh kare pratighaat Hum kare sirf man ki baat #SoniaAmmaKeAageModiNikamma	1
15	Delhi me paani nahi aa raha. Shayad yeh kisi administrative issue ki vajah se ho raha hai.	0
15	Delhi me paani nahi aa raha. Arvind Kejriwal ko vote kiya tha shayad isiliye Modi sir badla le rahe hai.	1
16	Salman ki purani dost par kabhi bharosa nahi karte. Kabhi bhi problem create kar sakti hai.	0
16	Salman ki ex par kabhi sandeh nahi karte. Kabhi bhi maat de sakti hai.	1
17	Please follow @SaleemChikna & @sayshardik, ye log bahut hi mehmaan nawaz hain. #AaiShappath	0
17	Please follow @SaleemChikna & @sayshardik, ye log free mein daaru pilaate hai. #AaiShappath	1
18	Ye Dhoni, Pandya ko lekar emotional ho raha hai !!	0
18	Ye Dhoni to pandya ko leke emotional ho raha hai !!	1
19	Aarambh hai prachand bol maston ke jhund, Aaj match ki ghadi ki tum guhaar do #IndvsBan	0
19	Aarambh hai prachand bol maston ke jhund, Aaj Jung ki ghadi ki tum guhaar do #IndvsBan	1
20	Teri aankhon ki mastiyan, teri hasi ki gustakhiyan, tere experiences #NahiBhoolungaMain #JabTakHaiJaan	0
20	Teri aankhon ki namkeen mastiyan, teri hasi ki beparvah gustakhiyan, tere pichwaade mein woh khujliyaan #NahiBhoolungaMain #JabTakHaiJaan	1
21	Amazon ek online shopping platform hai par phir bhi kuch khareedne ke liye paise dene padte hai.	0
21	Amazon apni dukan hai fir bhi kuch lene ke liye paise dene padte hai. wtf.	1
22	Mujhe lagta hai ki Mahindra company ko thoda design pe dhyan dena chahiye. Pehle Xylo aur ab ye TUV300, mujhe inki design pasand nahi aayi.	0
22	Ek to Mahindra walo ko bilkul sharm nahi aati.. Pehle Xylo aur ab ye TUV300 jaisi maha badsoorat gaadiya banate rehte hai Chutiye saale	1
23	Karishma Kapoor ne raja hindustani mein bahut acchi acting ki hai.	0
23	Karishma Kapoor ne raja hindustani mein itni jor se acting ki hai ke bas.	1
24	Kya Arun Lal ne kaha, "Ye dekhiye Bangladeshi player khushi se jashn mana rahe hain"	0
24	Did Arun Lal say, "Ye dekhiye Bangladeshi player khushi se apne andkosh takra rahe hain"	1
25	Shaam se aankho mein kuch nami si hai, TL par kuch kami si hai. #Irshaad	0
25	Shaam se aankho mein kuch nami si hai, TL par hot DP's ki kuch kami si hai. #Irshaad	1
26	Jallikattu Bulls ko ban kar diya aur Share market ke Bulls bhi kam ho gaye	0
26	Jallikattu Bulls kya ban kar diya Share market ke Bulls bhi gayab ho gaye	1
27	Dooriyan bhi zaroori hai pyar mein, kareeb toh apna haath bhi hota hai. #RelationshipThoughts	0
27	Dooriyan bhi zaroori hai pyar mein, kareeb toh apna haath bhi hota hai. #OldMonkInPoetOut	1
28	Roger 'Famous Tennis Player' Federer #CelebMiddleNames	0
28	Roger 'Arbaaz Khan Ka Bichda Hua Judwa Bhai' Federer #CelebMiddleNames	1
29	Agar Dubai ke mall mein jaakar, sports car ke showroom mein gaadi ke saath photo nahi khichayi toh aapne ek aam activity miss kar di.	0
29	Agar Dubai ke mall mein jaakar, sports car ke showroom mein gaadi ke saath photo nahi khcichayi toh Indian nahi ho tum.	1
30	Kuchh log Rega Jha ki bhi sarahna kar rahe hain. Mere bharat-vaasiyon!	0
30	Kuchh log Rega Jha ki bhi chaat rahe hain. Dhanya ho mere bharat-vaasiyon!	1
31	Akshay Kumar ne Special 26, OMG, Holiday, Baby aur aane wali Airlift jaise filmo mein kaam kiya hain, iske alava unhone Brothers aur aane wali Singh is Bling mein bhi kaam kiya hain!	0
31	Waise Akshay Kumar ko Special 26, OMG, Holiday, Baby aur aane wali Airlift ke liye Brothers aur aane wali Singh is Bling already maaf hain!	1
32	Agar gharwalon ne manzoori di, toh doosri ko ghar laayenge. Pyar hamein iss mode pe le aaya.	0
32	DUM HAI TOHHH DOOSRIIII KO UTHAAA LAAYENGEEE DI NA AGAR GHARWALON NE MANZOORI... TIRA TIRITIRARA PYAR HAMEIN ISS MODE PE LE AAYA	1
33	Agar ye upar wali prediction sahi huee.. to sab log @Atheist_Krishna se naraz honge.	0
33	Agar ye upar wali prediction sahi huee.. to sab log @Atheist_Krishna ki bum par 2-2 joote maarenge	1
34	Chetan Bhagat aur Shobha De dono hi prasiddh lekhak hain.	0
34	Chetan Bhagat is a male Shobha De	1
35	Har pal yaha ji bhar jiyo, jo hai sama kal ho na ho.	0
35	Har pal yaha jee bhar piyo, jo hai paise kal ho na ho.	1
36	Matlab aap log SRK ko pasand karte ho aise tweets kar sakte ho, aur koi pasand nahi karta hai to tweet nahi kar sakta? Kya vichitra vichar hai.	0
36	Matlab aap log SRK ko love karte ho aise tweets kar sakte ho, aur koi hate karta hai to tweet nahi kar sakta? Kya chutiyapa hai gaandu log.	1
37	Aajkal har film ka pehla promo aisa aata hai ki dekhkar lagta hai ki jab ye film aayegi tab bahut prabhav chhodega.	0
37	Aajkal chutiya se chutiya film ka pehla promo aisa aata hai ki dekhkar lagta hai ki bhaisahab ye film to aayegi tab phod degi.	1
38	Shaadi ek zimmedari hai, jismein bachhe paida karne ka bhi hissa hota hai.	0
38	Shaadi koi bachhon ka khel nahi, shaadi bachhe paida karne ka khel hai.	1
39	.@Chechi4u @aanchalator @banker_saurabh Situation bahut kharab ho gayi hai, paani sar ke uppar se nikal kar gaanv ke bastiyon mein ghus gaya hai	0
39	.@Chechi4u @aanchalator @banker_saurabh hadd hogayi bhai, paani sar ke uppar se nikal kar gaanv kr bastiyon mein ghus gaya hai	1
40	Ye aakashwani ka mumbai prasaran kendra hai, aur aap sun rahe hai ek vyakti ki baat.	0
40	Ye aakashwani ka mumbai prasaran kendra hai, aur aap sun rahe hai somnath bharti.	1
41	Mujhe @aanchalator ke saath date hai #BunkOfficeExcuseForSemiFinal	0
41	Meri @aanchalator ke saath date hai #BunkOfficeExcuseForSemiFinal	1
42	Subah se kuch log apne dharm ko defend kar rahe hai. Aaram se kaam lo..Kitna bhi try karo..kuch cheezein kabhi change nahi hoti.	0
42	Subah se bechare Muslims apne dharm ko defend kar rahe hai Chill maro bey..Kitna bhi try karo..Kutte ki pooch kabhi seedhi nahi ho sakti	1
43	Vodafone pe to Zedge bhi nahi khul raha, dusre sites kaise khulengi!	0
43	Vodafone pe to Zedge bhi nahi khulta, porn ghanta khulega!	1
44	.@ColdCigar aap* Bhai, galti se typo ho jaata hai.. main samajhta/samajhti hoon.. relax kijiye.. ye sab to chalta hi rehta hai	0
44	.@ColdCigar tum* Bhai josh me typo ho jaate hai.. i understand.. chill maar be.. ye sab to chalta hi rehta hai	1
45	Janamdin ki dher sari shubhkamnaye @RowdyTalks bhai.. Tum jiyo hazaro saal.. Har saal naye mukaam prapt karo.	0
45	Janamdim ki gaand phaad badhai @RowdyTalks bhai.. Tum jiyo hazaro saal.. Saal me thoko 300 baar	1
46	#ECI ne kyun action nahi liya ?? Kya DM Kaimur ka koi rishta hai Nitish Kumar se? #NitishKaChehraDiveshSehra	0
46	#ECI ne aankhen kyu band karli ?? DM Kaimur ka kya hai rishta Nitish Kumar se? #NitishKaChehraDiveshSehra	1
47	Un logo ke liye kuch chahiye jo public toilet ka upyog karte hain.	0
47	We need Patanjali Sugandhit Mutra Visarjan Kaadha for them who use public toilet.	1
48	Seasons in Delhi: Sardi, Garmi, Aur Baarish.	0
48	Seasons in Delhi: Bhenchod! Thand Garmi Madarchod! Oye Hoye! Baarish	1
49	Kasam se, humko pyaar hai sirf tumse.	0
49	Pyaar*[Kasam {Kasam (Kasam)}] = Tumse Kasam ki kasam hai kasam se.. Humko pyaar hai sirf tumse	1
50	Agar aap kisi ko bolne nahi denge to kya yeh asahishnuta nahi hai?	0
50	Bhai ab aap log kisi ko bolne hi nahi doge to woh intolerance nahi to kya hai?	1
51	Hosh waalo ko khabar kya, yeh ek geet hai! #RememberingJagjitSingh	0
51	Hosh waalo ko khabar kya, marijuana ka cheez hai! #RememberingJagjitSingh	1
52	Jinke paas koi yojna nahi hoti, unke paas anubhav hota hai.	0
52	Jinka koi future nahi hota, unka adventure hota hai.	1
53	Vodafone ka 3g sahi se kaam nahi kar raha, 4g kaise kaam karega?	0
53	Vodafone ka 3g to chalta nahi, 4g kaise chalega be?	1
54	Aap sabhi so jao.	0
54	So jao haraam zaadon.	1
55	ISIS chahta hai ki vo hinduon ko mita de. Lekin yeh kaam to liberals kar hi rahe hain.	0
55	ISIS wants to wipe out hindus. Kyu load le rahe ho, yeh kaam to liberals kar hi rahe hai.	1
56	Sonakshi aur Sonam jaise aurato ko support karne wale.. Aaj zara ek tweet #Manikandan4London par kardo.. Yeh unka samarthan karne ka ek tarika ho sakta hai.	0
56	Sonakshi aur Sonam jaise aurato ko support karne walo.. Aaj zara ek tweet #Manikandan4London par kardo.. Tumhare paap kam ho jaenge	1
57	Zindagi kathin hai, ek gareeb vyakti usmein kya chahta hai? Bas do waqt ki roti aur manoranjan ke clips?	0
57	Zaalim zindagi hai, ek gareeb uss mein chahta bhi hai toh kya? Bas do waqt ki roti aur sunny leone ke clips?	1
58	Samajhdari ka star: 4 peg peene ke baad bhi Mummy Papa ko pata nahi laga aur mein unhe drive karke ghar le aaya	0
58	Maturity level: 4 peg peene ke baad bhi Mummy Papa ko pata nahi laga aur mein unhe drive karke ghar le aaya	1
59	Kuch logon ko hire kar lete celebrate karne ke liye	0
59	Kuch Bangaldeshi hire kar lete celebrate karne ke liye	1
60	Tumse achhi koi nahi milegi, tumse kam koi nahi chalegi #HIMESHISGOD	0
60	KOI TUJHSE ACHHI PATEGI NAHI KOI TUJHSE KAM BHI CHALEGI NAHI #HIMESHISGOD	1
61	Bhaiyya, kripya sukkhi puri jaldi do, teekha laga. #WomenIssues	0
61	Bhaiyya sukkhi puri do na please jaldi, teekha laga. #WomenIssues	1
62	Praveen Kumar ek pramukh khiladi hain.	0
62	Praveen Kumar is original Gutka Mukesh.	1
63	Bageera: Mowgli ne Eid manayi aur ab Gudi Padwa bhi mana raha hai Sherkhan: Har kisi ka khoon ek samaan hota hai, farak nahi padta ki wo kaun hai.	0
63	Bageera: Mowgli ne Eid manayi aur ab Gudi Padwa bhi mana raha hai Sherkhan: YE HINDU KA KHOON YE MUSALMAAN KA KHOON BATA KYA FARAK HAI ISME.	1
64	Sabne aaj chutti le li aur ab Australia sabko hara rahi hai #IndvsAus	0
64	Sabne aaj chutti le li aur ab Australia sabki chutti kar rahi hai #IndvsAus	1
65	Ayesha Takia #CelebMiddleNames	0
65	Ayesha 'Abe Iske Dekh Kitna Bade Hai' Takia #CelebMiddleNames	1
66	Mall me saari ladkiyan achchi dikhti hai #GuyFacts	0
66	Mall me saari ladkiyan achchi lagti hai #GuyFacts	1
67	Aaj raat SRK ke critics ko shayad neend nahi aayegi.. Kal uski nayi film jo aa rahi hai	0
67	Aaj raat SRK HATERS KO MAARO ko to neend hi nahi aayegi.. Kal uske real papa ki picture jo aa rahi hai	1
68	Yeh abhi pareshan kar raha hai. Unhe out karo. Jai Shri Ram.	0
68	This is frustrating now. Out karo yaar raavan ki sena ko. Jai Shri Ram.	1
69	Khel khatam, ab sab normal ho gaya. 2 mahine se Diwali ki tayari kar rahe the, ab ho gayi.	0
69	Chalo khel khatam paisa hazam 2 mahine se diwali diwali kar rahe the.. Ho gayee	1
70	Jab Prakash Raj ka janm hua, unke pita ne kaha "mera beta ek pramukh abhineta banega	0
70	When Prakash Raj was born, his dad said "mera beta villain banega".	1
71	Na rasta maalum, na tera naam pata malum...kaise tere pyar ne mujhko prabhavit kiya kya maalum?	0
71	Na rasta maalum, na tera naam pata malum...kaise tere pyar ne mujhko thoka kya maalum?	1
72	Sanjay Jha dharmik column me bold aur capital letters me apne vishwas ko vyakt karte hai.	0
72	Sanjay Jha religion wale column me bold aur Capital letters me BABA KI CHAATNA likhte hai.	1
73	Rohit Sharma ko ek wicket girne ke baad hi badi innings khelne ka mauka milta hai.	0
73	Rohit Sharma jab tak ek batsman ki bali nahi de dete tab tak badi innings nahi khelte.	1
74	Kya India ke bowlers ne World cup se pahle koi special preparation ki thi?	0
74	India ke bowlers ne World cup se pahle koi pooja karwai thi kya?	1
75	Sach kahu toh, mujhe Aurangzeb road ki kami mehsoos hogi. Jab bhi wahan se guzarta tha, uska naam dekh kar kuch vichar man me utpann ho jate the.	0
75	On a serious note, I'll miss Aurangzeb road. Jab bhi wahan se guzarta tha uska naam dikhte hi 8-10 gaaliyan tah-e-dil se nikal jati thin.	1
76	'O naadan parindey ghar aaja' - Yeh gaana kisi vyakti ke liye likha gaya tha.	0
76	'O naadan parindey ghar aaja' - This song was written for Modi Sir	1
77	Kejriwal Dilli walon se VAT vasool rahe hain.	0
77	kejriwal dilli walon ki VAT laga rahe hain.	1
78	Oral triple talaq sach mein irrational hai. Ek talaq lene ke liye teen bar "talaq" bolna padta hai. Yeh kitna ajeeb hai.	0
78	Oral triple talaq is indeed irrational. Ek talaq lene ke liye teen bar "talaq" bolna padta hai. How absurd.	1
79	Gayle jaise soch rahe hain ki saare run unhe hi banane hain	0
79	Gayle is like sudhar jao haramkhoron saare run mujhe hi banane hain	1
80	Sab log vipakshi hai.	0
80	Sab anti national hai saale.	1
81	Rohit Sharma, aap bahut pratibhashali hain.. #IPL	0
81	Hahaa.. Rohit Talented Chutiya Shrama.. #IPL	1
82	Koi Sambit Patra ko suchit kar do. TV debates mein unki sahayta ho sakti hai.	0
82	Koi Sambit Patra ko tag kar do. TV debates mein useful rahega.	1
83	Chhod do AAP, BJP, aur anya rajnitik parties ki baat. Khushi se raho.	0
83	Chhod do AAP, BJP, Lavra Lasoon walon ko. Daaru ki baat karo bhai. Mazze se raho	1
84	Pyar dosti hai, agar woh meri achhi dost nahi ban sakti toh woh kisi aur ki dost ban kar mujhse door ho jayegi.	0
84	Pyar dosti hai, agar woh meri achhi dost nahi ban sakti toh woh kisi aur ki dost ban kar mujhe zaroor ditch karegi.	1
85	Kejriwal ek IITian aur prathibhashali vyakti hain. Itne padhe likhe logon ko convince karna koi aasan baat nahi hai.	0
85	For sure Kejriwal is an IITian and genius. Itne padhe likhe logon ko chutiya banana koi mamooli baat nahi hai.	1
86	She: Tu na ja mere baadshah, ek vaade ke liye ek vaada tod ke. He: Main wapas aaunga, jaaraha hu main yaha kuch apna chhod ke.	0
86	She: Tu na ja mere baadshah ek vaade ke liye ek vaada tod ke He: Main wapas aaunga, jaaraha hu main yaha chaddi apni chhod ke	1
87	.@NavenduSingh_ bhai, aap hamesha pehle kadam badhate hain phir pehle pareshan hote hain.. Aapke vichar @IntellectsOfBJP ke saath milte hain.	0
87	.@NavenduSingh_ bhai tu hamesha pehle ungli karta hai phir pehle rota hai.. Pakka kejruwal supporter hai tu @IntellectsOfBJP	1
88	Ye zindagi ek bohot bade anubhav ka ek chota sa hissa hai	0
88	ye zindagi ek bohot bade chutiyaap ka ek chota sa hissa hai	1
89	King Abdullah ke 30 patniyan thi, yeh unki vyaktigat pasand thi.	0
89	King Abdullah had 30 wives, it's like 'Khud ki shaadi mein Abdullah deewana'.	1
90	Bhaiya, 5 rupye ka saman dena.	0
90	Bhaiya 5 rupye ka sense dena.	1
91	Agar Aurangzeb tumhara hero hai to yeh dukhad hai ki tum India mein rehte ho.	0
91	Agar Aurangzeb tumhara hero hai to laanat hai tumhare astitva par ki tum India mein rehte ho.	1
92	Log bhi apne aapko badhane ki koshish karte hain #NitishKaChehraDiveshSehra	0
92	Kutte bhi raaste se jaate hue haathi ko rokne ki koshish karte hai #NitishKaChehraDiveshSehra	1
93	Kejriwal ne imaandari ka pradarshan kiya #AAPFundingScam	0
93	Imaandari bhar gayee Kejriwal ki gaand me #AAPFundingScam	1
94	Log Twitter pe aake bahut likh dete hai, mujhe yahan ek tweet sochne me dikkat hoti hai.	0
94	Log Twitter pe aake book likh dete hai, yahan ek tweet dimag me nahi aati.	1
95	Ye tweeters ko kuch bhi ho, I'Day, koi mare, koi paida ho, desh mein emergency lag jaye. Inke dimaag mein sirf apne vishay.	0
95	Ye emo tweeters ko ghanta fark nahi padta, I'Day, koi mare, koi paida ho, desh mein emergency lag jaye. Inke dimaag mein sirf apni item.	1
96	Sab vyakti raat mein twitter par active ho jaate hai.	0
96	Sab Ishant Awasthi ban jaate hai raat mein twitter par.	1
97	Darta hoon ki gharwalo ke saamne muh se koi galat shabd na nikal jaaye.	0
97	Scared that gharwalo ke saamne muh se 'bhencho' na nikal jaaye	1
98	#MentionTo dost ko apni timeline ke upar control karna sikho. Ye kya vyavastha hai?	0
98	#MentionTo behen ko lodo TL ki maa chodna band karo. Ye kya bhasudi hai	1
99	Aapke tweets ka standard kam lag raha hai, kya aapko inhe likhne ke liye koi payment mila hai?	0
99	Itne ghatiya tweets, lagta hai tumhe unke liye funding mili hai.	1
100	Vodafone use karne se acha to kisi aur network provider ka use karo.	0
100	Vodafone use karne se acha to ek kabootar pal lo.	1
101	Harsha Bhogle ke vicharon se mujhe thodi asahmati hai.	0
101	Harsha Bhogle ke baal ke saath saath thoda dimaag bhi hit gaya hai.	1
102	Kya aapko samajh mein aaya? Pandya hai Pandya #INDvBAN	0
102	Aandu Paandu Samjha Hai Kya? Pandya Hai Pandya #INDvBAN	1
103	Jab kisi ko khatra mehsoos hota hai to woh kahan bhaagta hai.... #NitishKaAgentPratyayaAmrit	0
103	Jab kutte ki maut aati hai to woh kaha bhaagta hai.... #NitishKaAgentPratyayaAmrit	1
104	Suna hai @BolshoyBooze ki shaadi hone wali hai. Kitne log dukhi honge?	0
104	Suna hai @BolshoyBooze ki shaadi hone wali hai. Kitne Dil tootenge?	1
105	Agar Bihar pragati karega to Uttar Pradesh wale bhi prerna lenge. #BiharDevelopment	0
105	Bihar jagega to humare UP walon ko bhi hosh aayega. #LaluMuktBihar	1
106	Issue kuch bhi ho, galti kisi ki bhi ho, incompetence kisi ka bhi, twitter par media ko hi samiksha milte hai.	0
106	Issue kuch bhi ho, galti kisi ki bhi ho, incompetence kisi ka bhi, twitter par bhakt media ko hi chappal maarte milenge	1
107	Paisa kya hai, aaj hai kal nahi, parso hai - Baburao Ganpatrao Apte	0
107	Paisa kya hai, aaj hai kal nahi, parso hai - Baburao Ganpatrao Apte	1
108	Kya dawa aur sharab dono ek saath leni chahiye?	0
108	Dawa aur daru dono saath main lene chahiye kya?	1
109	Raj Thackeray ko log badnaam karte hai. Asal mein, Swapnil Joshi ki actions se log pareshan hote hai.	0
109	Raj Thackeray ko yun hi log badnaam karte hai. Takleef toh Swapnil Joshi deta hai.	1
110	Pragati marg ka karo vichar, Socho Bihar ke liye behtar kya hai.	0
110	Pragati marg ka karo vichar, Kar do #LaluMuktBihar	1
111	Kya tarah se bowling kar raha hai. Sahi jagah pe daal.	0
111	Kya chutiya paer pe bowling kara raha hai. Ando pe daal.	1
112	Barkha ji jo bhi soche, hume apna kaam karna hai... agar unhone trolled kiya toh hume kyu darna hai?	0
112	Barkha aunty jo bhi soche humko karna kya... trooolll kiya toh darna kya?	1
113	Abhi match jaari hai, ab Gayle ki baari hai !!	0
113	Abhi ladaai jaari hai Ab Gayle bhadwe ki baari hai !!	1
114	Aaj mere ek tweet ne bohot saare logo ko vishay diya vichar karne ko..	0
114	Aaj mere ek tweet se bohot saare kutto ko haddi mili chabane ko..	1
115	#ModernMeaning "Gharelu Ladki" Woh jo ghar par aakar sahayata karegi.	0
115	#MordernMeaning "Gharelu Ladki" Jo ghar par aakar degi.	1
116	Relationship status: Kya hota hai?	0
116	Relationship status: Wo kya hota hai?	1
117	Lagta hai aaj yahan par sabne kisi khaas din ka vrat rakha hai.	0
117	Lagta hai aaj yahan par sabne Valentine maata ka vrat rakha hai.	1
118	Doodhwala aagaya par mujhe neend nahi aayi.	0
118	Doodhwala aagaya neend nahi.	1
119	India wale Holi ke din bhi manoranjan karenge #CelebrationIndia	0
119	India waley Holi ke din bhi phatakey phorengey #TakeThatPakis	1
120	Mujh par ek Ehsan karna. Phir Shankar aur Loy se bhi kuch karwana.	0
120	Mujh par ek Ehsan karna. Phir Shankar aur Loy bhi karna.	1
121	Kejriwal: "Maine Shahi Imam ko na kar diya hai ji	0
121	Kejriwal: "Maine Shahi Imam ko na kar diya hai ji". Gulzar: "Teri baaton mein Imam ki khushboo hai, tera aana bhi garmiyon ki loo hai"	1
122	Woh pareshaan karte rahe, hum kaam karte rahe - Kejru ki baat	0
122	#LiesMenTell Woh pareshaan karte rahe, hum kaam karte rahe - Kejru	1
123	#IndvsPak worldwide trend kar raha hai aur kuch log #PakVsInd me lage hain. Pehle apne actions ko samajh lo.	0
123	#IndvsPak trending worldwide aur Pakistani chutiye lage hai #PakVsInd me Lodo.. Pehle jaakar apni shakal dekh lo aine me	1
124	Pollard aaj Simmons ke tarah khel rahe hain. #MIvsKKR	0
124	Pollard ke aang mein Simmons ka bhoot aaya hai. #MIvsKKR	1
125	India ke batsmen is match se kuch aur seekhe na seekhe, virat se nayi cheezen jarur seekhenge.	0
125	India ke batsmen is match se kuch aur seekhe na seekhe, virat se 10-12 nayi gaaliyan jarur seekhenge.	1
126	Raat ko kripaya negative baatein mat karo.	0
126	Raat ko to hate monger mat bano bhosdi ke.	1
127	Ek tok maaru, sehoge?	0
127	Ek chamat maaru, khaoge?	1
128	Ek Ladka Aur Ek Ladki Kabhi Dost Nahin Ho Sakte - Yeh vichar Maine Pyar Kiya film ya kisi aur ne rakha hua hai.	0
128	Ek Ladka Aur Ek Ladki Kabhi Dost Nahin Ho Sakte Not sure if said by Hindu Mahasabha or Mohnish Behl in Maine Pyar Kiya	1
129	Patel bhai Patel bhai yaha hai, dhoom dhadaka lekar aaye hai.	0
129	Patel bhai Patel bhai aiwa chhe, dhoom dhadaka laiva chhe.	1
130	Sir @arvindkejriwal, agar AAP kuch kare to aapki uplabdhi mana jata hai, lekin agar BJP kare to uska virodh kiya jata hai.	0
130	Sir @arvindkejriwal AAP karen to chamatkaar, BJP kare to balatkaar.	1
131	Mani Shankar Aiyar ne Pakistan se kaha: Agar Spectre ke uncensored pirated DVDs chahiye, toh hume support kijiye.	0
131	Mani Shankar Aiyar to Pak: Agar Spectre ke uncensored pirated DVDs chahiye, toh Modi ko hataiye aur hume laiye	1
132	Aaj ka din hai 19 August. Yeh Modi ji ki progressive leadership ka ek udaharan hai.	0
132	Aaj ka din hai 19 August. This is the biggest proof that Modi ji samay se aage chalne wale PM hain.	1
133	Jabtak sooraj-chand rahega, Bihar mein jati-vad rahega. Yehi karan hai ki Bihar ko Laloo prabandhan chala raha hai.	0
133	Jabtak sooraj-chand rahega, Bihar mein jati-vad rahega. Therefore, "Jabtak rahega samose me aloo, loot-ta rahega Bihar ko Laloo".	1
134	Unfollowers se pareshan mat ho.. Aap unhe ignore kar sakte ho.	0
134	Unfollowers se daro nahi.. Haraam ke pillo ko khoj khoj se goliya maar do	1
135	Ravish: Jaati nahi Jaati nahi Jaati nahi #FarziPatrakarRavishKumar	0
135	Constipated: aati nahi aati nahi aati nahi Ravish: Jaati nahi Jaati nahi Jaati nahi #FarziPatrakarRavishKumar	1
136	.@Joydas aap bahut mehnat karte hain.. Aapke views aajkal kam log padhte hain	0
136	.@Joydas bhai kyu mehnat karta hai.. Teri bakwaas aajkal koi nahi padhta	1
137	Jab Sagarika ka janm hua, doctor ne badhai di.	0
137	When Sagarika was born doctor said "Mubarak ho aur Shubhkamnayen bhi"	1
138	Teacher: G se Goat, aur batao G se? Student: G se Geet.	0
138	Teacher: G se Goat, aur batao G se? Student: G se dhundta hu main har kahin jo kabhi mili mujhe hai nahi mujhe jiske pyar par ho yakeen...	1
139	Agar aap gandagi mein pair rakhoge toh dhona padega, prem mein padoge toh dukh hoga. #Irshaad	0
139	Ghu mein pair rakhoge toh dhona padega, pyaar mein padoge toh rona padega. #Irshaad	1
140	AIB kahta hai ki unke acche paksh ko dekhein Kabhi Haan Kabhi Naa "Aapne hamesha AIB ko dekha, unka hunar to na dekha..."	0
140	AIB say watch their positive side in Kabhi Haan Kabhi Naa "Sada Tumne AIB dekha, hunar to na dekha..."	1
141	Naam naamkaran se bante hai, khatron se nahi.	0
141	Naam bante hai naamkaran se. Risk se nahi.	1
142	Sakshi Maharaj BJP ke ek pramukh neta hain, jaise Digvijaya Singh hain.	0
142	Sakshi Maharaj is BJP's Digvijaya Singh.	1
143	Bhagwan ka diya sabkuch hai, daulat hai, shohrat hai, izzat hai, bas kuch sahyogi ki zaroorat hai	0
143	Bhagwan ka diya sabkuch hai, daulat hai, shohrat hai, izzat hai, bas kuch RT's dene walon ki zaroorat hai	1
144	Tumhara dil na tere kaam ka, na mere kam ka hai, yeh khuda ne tumhe diya hai - Altaf Raja (circa 1996) #AkademiPoetry	0
144	Na tere kaam ka, na mere kam ka Dil bhi tujhe khuda ne diya dus gram ka - Altaf Raja (circa 1996) #AkademiPoetry	1
145	Cigarette ke saath ek shaant samay bitana acha lagta hai.	0
145	Ek anandmayi tatti ke liye cigarette ka saath zaroori hota hai.	1
146	Sapne suhaane jawani ke. #TwitterPoets	0
146	Sapne suhaane tharakpan ke. #TwitterPoets	1
147	Ye Stella kya hai bhai? Kab se sun raha hu. Koi normal photo post karo, samajh nahi aa raha!	0
147	Accha hu bhai. Ye Stella ka kya chakkar hai sala kab se paka raha hai. Koi porn pic post kar neend to ude !	1
148	Helmet ab bahar aaya hai. Ab Africa ka match mushkil ho sakta hai! #IndvsSA	0
148	Helmet aagaya hai bahar. Africa ki hogi ab haar! #IndvsSA	1
149	Pakistani team ki bowling dekhte hue, hume inko final me bhi 83 tak out karna hoga.	0
149	Jaisi in Pakistaniyo ki bowling hai, hame inko final me bhi 83 tak out karna hi padega.	1
150	'Aaj main upar, Aasman neeche' - Yeh ek sangeet ki pankti hai.	0
150	'Aaj main upar, Aasman neeche' *Missionary*	1
151	Maayi ni maayi munder pe teri bol raha hai kaaga, chhat par aagaye mere papa... woh dar ke bhaaga #HAHK	0
151	Maayi ni maayi munder pe teri bol raha hai kaaga, chhat par aagaye mere papa... woh chaddi kheech ke bhaaga #HAHK	1
152	Itne saalo se power main rehkar aap UP ke 4 hisse nahi kar pa rahe. 50 students ke slogan se desh ke tukde nahi ho jayenge.	0
152	Itne saalo se power main rehkar tum UP ke 4 hisse kar nahi pa rahe. 50 students slogan chilla kar desh ke tukde nahi kar denge.	1
153	Aaj Spain wale match jeetenge.	0
153	Aaj Spain waley phatakey phorengay	1
154	Be someone's 'bhai koi nayee film hai to de de'	0
154	Be someone's 'bhai koi nayee porn hai to de de'	1
155	Tum jo aaye zindagi mein.... badlav aaya.	0
155	Tum jo aaye zindagi mein.... jhand ho gayi	1
156	Chalo chalo achhe bachhe twitter par bura bartav nahi karte, delete karo #FutureMoms	0
156	Chalo chalo achhe bachhe twitter par gaaliyan nahi dete, delete karo #FutureMoms	1
157	Saif Ali Khan is trending. Kya Kareena Kapoor expect kar rahi hai?	0
157	Saif Ali Khan is trending. Is Kareena Kapoor pregnant?	1
158	Going to market to get milk and bread.. Kisi ko kuch chahiye to jaldi bol do.. Aur jaldi se Pandit Pan Bhandar pe pahuch jao..	0
158	Going to market to get milk and bread.. Kisi ko kuch chahiye to jaldi bol do.. Aur sutte wale jaldi se Pandit Pan Bhandar pe pahuch jao..	1
159	Delhi mein bahut saari sundar ladkiya hain. Hawa mein kuch visheshta hai, sirf dhool nahi.	0
159	So many pretty girls in Delhi. Hawa mein kuch jaadu hai, sirf dhool nahi.	1
160	Kya tumne kabhi kisise pyar kiya? Aur usne tumhe dhokha diya? Mujhe bhi diya. #LaLaLaLaLaLaLa	0
160	Kya tumne kabhi kisise pyar kiya? Aur usne tumhe chutya kiya? Mujhe bhi kiya. #LaLaLaLaLaLaLa	1
161	Mujhe hamesha yeh sochne par majboor karti hai ki halal hone ke baad bakre kya hota hai, aur qayamat ke din unka kya hoga.	0
161	I always wondered halal hone ke baad bakre kahan jate hain, jannat ya jahannum aur qayamat ke din unka kya hoga.	1
162	Mujhe thodi si neend chahiye.	0
162	Koi bees rupay ki neend de do	1
163	Hi @ShaadiDotCom, mujhe ek achhi jeevansathi ki talash hai, shaadi karne ke liye. Kripya mujhe iske liye kiye jaane wale charges batayein.	0
163	Hi @ShaadiDotCom, achhi item chahiye, shaadi karne ko maangtay. Dene ka bhaav batao	1
164	Aap raat ko 12.30 baje 10000 ki lad kyu jala rahe ho?	0
164	Madarchod raat ko 12.30 baje 10000 ki lad kyu jala rahe ho Bhosdike	1
165	Ye Aaron Finch mujhe hamesha serious lagta hai. Dekhte hi mujhe criticise karne ka mann karta hai.	0
165	Ye Aaron Finch Triple H as heel lagta hai hamesha. Dekhte hi hathoda maarne ka mann karta hai muh pe.	1
166	Mera sochne ka tarika badal gaya hai. Baarish hui toh pehla khayal aaya ki chalo ab dhool kam hogi thoda.	0
166	Kaam wali bai jaisi thinking ho gayi hai. Baarish hui toh pehla khayal aaya ki chalo ab dhool kam hogi thoda.	1
167	Maam @priyankac19 aap apna soch samajh kar baat kiya karo. Weekend pe aapka dimaag band lagta hai. Ab Monday subah hi sahi soch payenge.	0
167	Maam @priyankac19 aap apna dimaag bank locker me mat rakha karo.. Weekend pe bank band rehta hai.. Ab Monday subah hi milega	1
168	Re Kabeera, kripaya samajhne ki koshish karo.	0
168	Re Kabeera bhosdi ke maan ja.	1
169	Zayn ne sirf band chhoda hai, wo abhi bhi hain. #RIPZayn	0
169	Zayn ne band chhoda hai duniya nahi. #RIPZayn	1
170	Sri Lanka mein bijli ki samasya hai, shayad isiliye match dekhne aa raha hai. Sri Lanka ke rashtrapati Sirisena India aaye hain bilateral sambandhon ko majboot karne ke liye.	0
170	Bijli ki problem hai SL me..Isiliye match dekhne aa raha hai RT @htTweets Sri Lanka prez Sirisena arrives in India to boost bilateral ties	1
171	Sir @jhasanjay, kya Rahul ji vacations par gaye hain aur aap unhe bhoolkar dusre kaam karne lage hain?	0
171	Sir @jhasanjay ye bewafai hai. Rahul ji vacations par kya chale gaye aap unhe bhoolkar Roger-Roger karne lage.	1
172	Shri Sakshi Maharaj, Hindu purushon ke liye health supplements ki baat kar rahe hain.	0
172	Shri Sakshi Maharaj Viagra Pills for Hindu Men.	1
173	Smith ko phir se captain banane ki sochna chahiye. Watson ka pradarshan accha nahi raha.	0
173	Ek toh wapas Smith ko captain banao. Watson panauti hai sala.	1
174	Janwaron ko milega adhik chara jab hoga #LaluMuktBihar	0
174	Janwaron ko milega chara apar jab hoga #LaluMuktBihar	1
175	Bigg Boss chahte hai show ki aalochakon ko samjhaya jaaye.	0
175	Bigg Boss chahte hai show ki buraai karne walo ki gaand me danda de diya jaaye	1
176	Sir @ArvindKejriwal, Pyaar ka Punchnama 2 release hue 1 din ho gaya hai.. aapka vichar kya hai? Aaj shaam ko dost log film dekhne ka plan bana rahe hai.	0
176	Sir @ArvindKejriwal Pyaar ka Punchnama 2 release hue 1 din ho gaya hai.. review kab doge.. Aaj shaam ko dost log plan bana rahe hai	1
177	Airtel mobile networks mein apne aap ko promote karne mein kabhi peeche nahi hat te, phir chahe unke pass kuch ho ya na ho.	0
177	Airtel is the KRK of mobile networks. Hai kuch nahi, lekin apni tareef karne mein kabhi peeche nahi hat te.	1
178	.@sagarikaghose kya ab baarish bhi Modi ji karwaenge ?? Aap aisa kyun soch rahe hain?	0
178	.@sagarikaghose ab baarish bhi Modi jo karwaenge ?? Kyu paglu aurat	1
179	India me 'Hindustan murdabad' bolne wale aur unko support karne wale logon ki aabadi badh rahi hai. Samajik jimmedari samjho.	0
179	India me 'Hindustan murdabad' bolne wale aur unko support karne wale chutiyo ki aabadi badh rahi hai. Condoms use kiya karo.	1
180	Log itne khush kyu ho rahe hai?	0
180	Log itna khush kyu ho rahe hai?	1
181	Success ke peeche mat bhaago. Dreams ke peeche bhaago. Challenges jhak maarke tumhare peeche aayengi.	0
181	Success ke peeche mat bhaago. Dreams ke peeche bhaago. Depression jhak maarke tumhare peeche bhaagegi.	1
182	Jumme ke din kiya ek vada.. Lo aa gaya aaj phir jumma.. @Pakistan	0
182	Jumme ke din kiya chumme ka vada.. Lo aa gaya aaj phir jumma jumma.. Jumma chumma naa de chumma.. LOL @Pakistan LOL	1
183	Badhai @UnSubtleDesi.. Aaj aapne apne samudaay ka naam roshan kiya hai.	0
183	Congrats @UnSubtleDesi.. Aaj tumne naam roshan kar diya bhakts ka	1
184	Bhai @Atheist_Krishna DP me kaun sa breed ka kutta hai, pata hi nahi chal raha	0
184	Bhai @Atheist_Krishna DP me kutta kaun sa hai pata hi nahi chal raha	1
185	Hariharan: Paani toh beh jaaye, baaki kya the jaaye? Yaadein... Akshay: Mujhe sirf paani nikalna hai.	0
185	Hariharan: Paani toh beh jaaye, baaki kya the jaaye? Yaadein... Akshay: Apne ko kya? Apne ko toh sirf paani nikalna hai	1
186	Sabko Snapchat par lekar jao, waise bhi Twitter bahut hi bhara hua hai.	0
186	Ghaseet ghaseet kar leke jao sabko Snapchat par, waise bhi Twitter zyada hi bhar gaya hai.	1
187	Kela khaane ke baad paani mat peeyo. Doodh ke baad machhi naa khao. Dil tutne ke baad daaru mat piyo. #YeBhiKoiJeenaHai Dukhi hoon abhi.	0
187	Kela khaane ke baad paani mat peeyo. Doodh ke baad machhi naa khao. Dil tutne ke baad daaru mat piyo. #YeBhiKoiJeenaHai brb suicide.	1
188	200. Itne runs Rohit Sharma aasani se bana leta hai.	0
188	200. Itne runs to Rohit Sharma aankh band kar ke bana leta hai.	1
189	Dhoni, yeh ek test match nahi hai !!	0
189	DHONI MERE BHAI, TEST MATCH NAHI HAI YE !!	1
190	Ishant Sharma ko bahut der se utaara gaya.	0
190	Ishant Sharma ko bahut late utaara.	1
191	"Chaar log kya kahenge" - Ek aam vichar jo Indians rakhte hain.	0
191	#GoodAdviceIn4Words "Chaar log kya kahenge" - Indians	1
192	Agar ye pressure na hota to Virat, Mohammad Aamir ke khilaf achha pradarshan karta.	0
192	Agar ye pressure na hota to Virat is Mohammad Aamir ko maar maar ke Aamir Khan jaise sooja deta.	1
193	Apna talent samhal ke rakhie.	0
193	Gaand me daal le apna talent bhenchod.	1
194	Sanju Samson ek aise brand ke pratinidhi hain jo Hindu aur Christian ki ekta ko darshate hain.	0
194	Sanju Samson is the brand ambassador for Hindu Christian bhai bhai.	1
195	Modi Ji akela aata hai.. JDU, RJD, Cong ek saath aate hai #BJPAheadMGBDead	0
195	Sher (Modi ji) akela aata hai.. Jhund (JDU RJD Cong) me to suar aate hai #BJPAheadMGBDead	1
196	*Tinder* Swipe right to like. Swipe left agar pasand nahi aaye to.	0
196	*Tinder* Swipe right to like. Swipe left to ''bhaad mein jaa chutiye.. 5256956655 selfies mein se yahi ek accha tha.''	1
197	She: Mujhe chhod dijiye. He: Magar phir bhi na jaane kyu, mujhe sunn me achha laga hai senorita #HeShe	0
197	She: Fuck off asshole He: Magar phir bhi na jaane kyu, mujhe sunn me achha laga hai senorita #HeShe	1
198	Dr. Manmohan Singh: "Yeh theek hai"	0
198	Dr. Manmohan Singh: "Theek NAHI hai"	1
199	Justice Katju samay ki tarah hai kyonki samay sabka samman karta hai.	0
199	Justice Katju samay hain kyonki samay sabki leta hai.	1
200	'Tumhi ho mata, tumhi ho' ~ Animals #dontblock	0
200	'Tumhi ho mata, PETA tumhi ho' ~ Animals #dontblock	1
201	Sona nahi, chandi nahi, yaar bhi nahi mila. Pyar ke bina kaise chain milega?	0
201	Sona nahi chandi nahi yaar toh mila, apni mara le. Pyar bina chain kaha re?	1
202	Koi baat nahi. Hum unko chase karenge. 20 run jyada hain lekin ban jayenge. Jai mata di, hum unko harayenge.	0
202	Koi nahi. Chase karenge aur Kangaroos ka shikaar karenge. 20 run jyada hain lekin ban jayenge. Jai mata di lets fuck some Aussie asses.	1
203	Bhagwaan ka diya sab kuch hai, daulat hai shohrat hai, bas mujhe thoda aaram chahiye.	0
203	Bhagwaan ka diya sab kuch hai, daulat hai shohrat hai bas sirf neend chahiye.	1
204	Vahin, akelapan mehsoos karne wale prem kavi apni soch me hote hain; ek masala chai ki pyaali ho, koi usko pilaane wali ho.	0
204	Meanwhile, lonely love poets on TL be like; ek masala chai ki pyaali ho, koi usko pilaane wali ho.	1
205	Sankashti ek pramukh festival hai Maharashtra ka.	0
205	Sankashti is the mini sunburn of Maharashtra.	1
206	Wicket lena ab bahut zaroori hai.	0
206	Wicket lena #CongressMuktBharat se bhi zyada zaroori ab	1
207	Badhai ho, aap chacha ban gaye. Aapki beti ka janam hua hai. Yeh saal ki sabse sundar baat hai.	0
207	Mubarak ho tu chacha ban gaya. Bhai khushi double ho gayi, bitiya hui hai Most beautiful line I have heard this year.	1
208	Paise lekar trend karne walo.. Yaad rakhna upar jaake bhagwaan ko jawaab bhi dena padega iska	0
208	Paise lekar #JumlaBabu trend karne walo.. Yaad rakhna upar jaake bhagwaan ko jawaab bhi dena padega iska	1
209	Kal raat ko jo hua. Sab bhool jaao.. Jaise kuch purani baatein bhool gaye the	0
209	Kal raat ko jo hua. Sab bhool jaao.. Jaise veer aur hello brother bhool gaye the	1
210	Kyu itna shor macha rahe hain, humne to koi apradh nahi kiya hai.... #GhulamAli	0
210	Hangama hai kyu barpa, Daka to nahi dala, chori to nahi ki hai.... #GhulamAli	1
211	Uski dosti se doosre log prabhavit hote hain.. This time @witchybitchygal	0
211	Uski dosti se doosre jaate hai jal.. This time @witchybitchygal	1
212	Hamare U19 wicket-keeper : Bahut accha khel rahe ho, bahut accha.	0
212	Our U19 wicket-keeper : Kya bat hai kya bat hai bhaiyon bahut badhiya bhaiyo bahut badhiya yaar !	1
213	Punjabi me baat ko kehte hai gal.. Punjabi me baat ko kehte hai gal.. Ab ki baar @witchybitchygal	0
213	Punjabi me baat ko kehte hai gal.. Punjabi me baat ko kehte hai gal.. Ab ki baar @witchybitchygal	1
214	Agar samarthya ho to bhai @Ra_Bies jaisi tweet karo, varna tweet karte raho samajik roop se uchit hone ke liye. Jaise bachche.	0
214	Himmat ho to bhai @Ra_Bies jaisi, varna tweet karte raho politically correct hone ke liye. Bachchon jaise.	1
215	Jab tak mobile me battery hai, tab tak yeh activity chalegi.	0
215	Jab tak mobile me battery hai, tab tak yeh chutiyapa chalega.	1
216	Asli samasya jail ke andar hai. #SalmanVerdict	0
216	Asli toofan andar hai, jail ke andar. #SalmanVerdict	1
217	Tumse kitna pyar hai, kripya uttar dein.	0
217	Tumse kitna pyar hai ___ mein uttar kar dekh lo	1
218	Ek hi ullu ke kaaran gulistaan barbaad ho sakta tha, yahan har shaakh pe ullu baitha hai, aage gulistan ka kya hoga - Shauq Bahraichi	0
218	Barbad gulistaan karne ko to ek hi ullu kaafi tha Yahan..har shaakh pe ullu baitha hai anjam-e-gulistan kya hoga - Shauq Bahraichi	1
219	Abey yaar, bahut tweets kar diye hain. Ab aur mat karo.	0
219	Abey yaar bahut tweets kar diye hain. Beizzati na karana.	1
220	Owaisi sapne mein, "Bharat Mata ki Jai!" Owaisi jaagta hai, maafi mangta hai "Afzal hum sharminda hain	0
220	Owaisi in dream, "Bharat Mata ki Jai!" Owaisi wakes up, feels sorry "Afzal hum sharminda hain".	1
221	Abhi tak mera tweet padha bhai ne. Wo itni der se busy tha !!	0
221	Ab jake mera tweet padha bhai ne. Sala itni der se anushka sharma ki TL pe jasoosi kar raha tha !!	1
222	Mere ghar ka khaana mujhe sabse accha lagta hai. Food bloggers bhi street food ki tareef karte hain. #FoodPreference	0
222	Mere ghar ka khaana sabse best hai. Food bloggers bhi street food ki tareef karte hain. #TweetsLikeGareebGuy	1
223	1 cup resham, 1/2 kg sheesha, heere aur moti samagri ki matra Kaliyon Ka Chaman ke liye.	0
223	1 cup resham 1/2 kg sheesha heere & moti for garnishing Recipe for Kaliyon Ka Chaman.	1
224	Jadeja's mom: "Suna hai aap school chhod rahe ho jald hi. Iska kya hoga fir? Kisi se baat karwa dijiye thodi"	0
224	Jadeja's mom: "Suna hai aap school chhod rahe ho jald hi. Iska kya hoga fir? Virat se baat karwa dijiye thodi"	1
225	Pakistan walo ki Hindi padh ke mujhe surprise hua.	0
225	Pakistan walo ki Hindi padh ke chashma aa gaya.	1
226	Aamir Khan ke baare mein kuch logon ke nazariye badalte huye.	0
226	Aamir Khan Aamir Kha Aamir Kh Aamir K Aamir Aami Aam Aa A As Ast Aste Astee Asteen Asteen k Asteen ka Asteen ka s Asteen ka saap	1
227	Bhai @iamsrk, kya aap mujhe aaj oil barrel ka rate bata sakte hain? #AskSRK	0
227	Bhai @iamsrk zara Gauri bhabhi se pooch kar batana aaj oil barrel ka rate #AskSRK	1
228	Universal truth is, sab insaan hain.	0
228	Universal truth is, sab chutiye hai.	1
229	Obama ki samapti kab hai?	0
229	Obama ki bidai kab hai?	1
230	Tu na ja mere baadshah, ek waade ke liye, kisi aur kaam ke liye.	0
230	Tu na ja mere baadshah ek waade ke liye, maa chudaane ke liye.	1
231	Diwali to ho gayee.. Ab secret Santa ka program shuru hone wala hai	0
231	Diwali to ho gayee.. Ab secret Santa ka chutiyaap chalu hone wala hai	1
232	Rajiv Gandhi ne apni will nahin ki thi. Isliye 2014 tak cheezen unki parivar ke naam ho rahi thi #RememberingRajiv	0
232	Rajiv Gandhi ne apni will nahin ki thi. Isliye 2014 tak cheezen unki maa, biwi aur bachchon ke naam ho rahi thi #RememberingRajiv	1
233	Tu kisi rail si guzarti hai, main usmein sama jaata hu.	0
233	Tu kisi rail si guzarti hai, main kisi passenger sa ghus jaata hu.	1
234	Jab ache tweets ko RT nahi milte toh mujhe nirasha mahsoos hoti hai.	0
234	Jab ache tweets ko RT nahi milte toh Nawazuddin Siddiqui wali feel a jati hai.	1
235	Dear Congressi's, Rajiv Gandhi ki koi vishesh Yojna kahan hai?	0
235	Dear Congressi's where is "Rajiv Gandhi Ladki Driver Ke Car Mein Sawaari Se Bachhe Insurance Yojna"?	1
236	Bihar mein nayi sarkar ki sthiti kya hogi, jaanane ke liye dekhte rahiye aaj tak.	0
236	Bihar mein Jungle Raj 2 release hogi ya nahi, jaanane ke liye dekhte rahiye aaj tak.	1
237	Hum nahi chahte hain kisi bhi prakar ki hinsa #BadliyeSarkarBadliyeBihar	0
237	Nahi chahiye gundo ki hahakaar #BadliyeSarkarBadliyeBihar	1
238	Inka naam Ravish Kumar hai #PatrakarRavishKumar	0
238	Inka alsi naam Ravish Kumar nahi Rubbish Kumar hai #FarziPatrakarRavishKumar	1
239	Hero banne ki koshish me Karun Nair ne apna nuksan kar liya. #RRvsCSK	0
239	Hero banne ke chakkar me khud ka popat karwa liya Karun Nair. #RRvsCSK	1
240	Aaj blue hai pani pani pani... ~ Kisi ne kaha	0
240	Aaj blue hai pani pani pani... ~ Dhobi	1
241	Agar adhik logon ko ye samajh aajata toh desh aage badh jaata	0
241	Aadhe jhaantuon ko ye samajh aajata toh desh aage badh jaata	1
242	Parliament me aaya Pappu Gandhi ki ....	0
242	Parliament me aaya bhoot Pappu Gandhi ki ....	1
243	Kya aap sab ek hi photo share karte rahenge?	0
243	Bas karo bhosdi walo sab ek hi photo share karoge kya?	1
244	Agar meri kavita se koi vyakti prabhavit hota hai toh usmein tumhara kya jata hai? Huh. Kavita radd.	0
244	Agar meri poetry se koi bhala manas horny ho jata hai toh usmein tumhara kya jata hai? Huh. Morons ya. Poetry cancelled.	1
245	Rahul Gandhi ne kaha hai ki Make In India ki zaroorat hai.	0
245	Rahul Gandhi has said Make In India ki zaroorat hai.	1
246	Sohail ne aaj biryani mein namak kam daala. Behtar ho sakta tha.	0
246	Sohail ne aaj biryani mein namak kam daala. Gaandu.	1
247	Ye sab artificial nationalism chhodo, apne personal responsibilities pe focus karo. Maa Baap ko khush rakho, tab hi desh ki seva kar paoge.	0
247	Ye sab artificial nationalism chhodo, ghar basao. Maa Baap ko khush rakho, tab hi desh ko bhi khush rakh paaoge.	1
248	News channels ke log aksar kisi badi khabar ka intezar karte rahte hai.	0
248	News channels wale chutiye jaise kisi ke marne ka intezar hi karte rahte hai.	1
249	Agar aap jaag rahe hain toh aap zinda hain.	0
249	Jaage ho toh zinda ho tum.	1
250	Dilli mein Kiran aye ya Kejriwal, lekin UP mein jab tak log zinda hain Mulayam hi aata rahega.	0
250	Dilli mein Kiran aye ya Kejriwal lekin UP mein jab tak chootiye zinda hain Mulayam hi ata rahega.	1
251	Sanjay Leela Bhansali ne Devdas 2 ki ghoshna ki hai, jisme Ranveer Singh mukhya bhoomika mein honge. #DjokovicDeepika	0
251	Sanjay Leela Bhansali announces Devdas 2 starring Ranveer Singh. #DjokovicDeepika	1
252	Mujhko yaad aaye tumhari.. Haayee haayee.. Yaad aaye tumhari	0
252	Mujhko yaad sataaye teri.. Haayee haayee.. Yaad sataye teri	1
253	Kitna bhi bahar wale Modi ji ko praise karein, kuch log (AAPtards and liberals) unhe hamesha criticise karte rahenge so whats the point	0
253	Kitna bhi bahar wale Modi ji ko praise kuch maa ke lode Indians (AAPtards and liberals) unhe hamesha gaali dete rahenge so whats the point	1
254	Pakistan ke log sudhrenge nahi.	0
254	Pakistan wale bhosdi ke sudhrenge nahi.	1
255	Aapke dwara dial kiya gaya number kisi aur ko assign kiya gaya hai, aapka number abhi tak assign nahi hua hai.	0
255	Aapke dwara dial kiya gaya number kisi aur ko lag gaya hai, tumhara number kabhi nahi aayega.	1
256	Mitron, madam kehti hai ye achhi baat nahi hai - Ek Pradhan Mantri #PMMashUp	0
256	Mitron, madam kehti hai ye achhi baat nahi hai - Narendra Manmohan Vajpayee #PMMashUp	1
257	Jamai Raja, Kumkum Bhagya, Diya Aur Baati Hum etc etc. #ThingsThatUniteIndians	0
257	Jamai Raja, Kumkum Bhagya, Diya Aur Baati Hum etc etc. #ThingsThatUniteIndians	1
258	Congress ke Lok Sabha mein 44 sadasya hain aur bahar bhi kai samarthak hain jaise Barkha Dutt, Rajdeep, Sagarika.	0
258	Congress has 44 members in Lok Sabha and many outside Lok Sabha like Barkha Dutt, Rajdeep, Sagarika	1
259	Technology ke iss daur mein samajh ki asha na rakhe.	0
259	Technology ke iss daur mein sense ki asha na rakhe.	1
260	Bhai @ArvindKejriwal abhi to dilli aur Gujarat hi hua hai.. Poore desh mein kaam karna hai.. ANARCHY ZINDABAD	0
260	Bhai @ArvindKejriwal abhi to dilli aur Gujarat hi hua hai.. Poore desh ki maa chodni hai.. ANARCHY ZINDABAD	1
261	Yeh Jasleen Kaur ne jhooth bola hai. Aise logo ki wajah se koi sach baat pe bhi yakin nahi karta.	0
261	So this Jasleen Kaur girl is a big liar. Aise logo ki wajah se koi sach baat pe bhi yakin nahi karta.	1
262	#Afwaah Menthol peene se health par asar hota hai.	0
262	#Afwaah Menthol peene se khada nahi hota.	1
263	Kab tak chalu main haath... aa aa haath? Kab tak chalu main haath aa aa aa haath? Koi saathi nahi hai ai ai ai, chain ek pal nahi #Saiyoneee	0
263	Kab tak chalau main haath... aa aa haath? Kab tak chalu main haath aa aa aa haath? Koi ladki nahi hai ai ai ai, chain ek pal nahi #Saiyoneee	1
264	Son: Mummy mummy khaane mein kya hai? Mummy: Aaj hum kuch khaas bana rahe hain.	0
264	Son: Mummy mummy khaane mein kya hai? Bipasha: Tumhare mausaji ki asthiyan #BhootMommy	1
265	Holi ke din dil khil jaate hai, Bangladesh ko haar ka samna karna padta hai #IndvsBan	0
265	Holi ke din dil khil jaate hai, bangladesh ke lun lag jaate hai #IndvsBan	1
266	India ne Bangladesh ko World Cup mein haraya! #IndvsBan	0
266	India ne Bangladesh ko World Cup se Dhaka diya! #IndvsBan	1
267	Fav karne walo.. yaad rakhna, har action ka natija hota hai.	0
267	Fav karne walo.. bhosdiwalo jahannum me bhi tumhe jagah nahi milegi	1
268	Issi tarah Shikhar Dhawan ne phir ek baar pitch par apni performance nahi dikhai.	0
268	Issi tarah shikhar shwan ne phir ek baar pitch par tatti ki.	1
269	Yaar, Zayn Malik aur uske fans ke liye ek alag jagah banao! Sabka mood kharab hai aaj, aur upar se ye aur pareshan kar raha hai!	0
269	Yaar ye bc Zayn Malik aur uske fans ke liye ek alag planet banao! Waise hi sabka mood kharaba hai aaj, aur upar se ye chutiya aaye jaa raha!	1
270	Kejriwal AAP ki pramukh vyakti hain, jaise Sonia Gandhi, Rahul Gandhi aur Digvijay Singh Congress ke hain.	0
270	Kejriwal is Sonia Gandhi, Rahul Gandhi and Digvijay Singh of AAP.	1
271	Bahut koshish kar raha hoon, par ho hi nahi raha hai! #HoliEvent	0
271	Bahut try kar raha hoon yaar, nikal hi nahin raha hai! #HoliSext	1
272	Misbah-Ul-Haq: Bhook lagi hai, khaane me kya banau? Shoaib Akhtar: Kuch bhi banao, bas accha banao.	0
272	Misbah-Ul-Haq: Bhook lagi hai, khaane me kya banau? Shoaib Akhtar: Arey bhai kuch bhi bana, bas pagal na bana	1
273	Sakshi Dhoni ne Anushka Sharma se baat ki: "Ahem" #IndvsSA	0
273	Sakshi Dhoni to Anushka Sharma: "Ahem" #IndvsSA	1
274	Vodafone ka network accha aane ke liye kya kuch khas karne ki zaroorat hoti hai?	0
274	Vodafone ka network accha aaye iske liye vrat rakhna padta hai kya?	1
275	Behen @TrulyMonica, agar retweet chahiye tha, toh link direct message mein de deti, ye sab karne ki kya zarurat thi?	0
275	Behen @TrulyMonica RT hi chahiye the.. To link de deti DM me har baar ki taraf.. Ye sab karne ki kya zarurat thi	1
276	.@pakalupapito kisi ki buri nazar na lage, apni safety ke liye precautions le. Teri biwi, Bhuvan Rajora ki responsibility.	0
276	.@pakalupapito buri nazar wale, nasbandi karwa le. teri biwi, bhuvan rajora ke hawale.	1
277	Wo beef bhi khata hai aur pork bhi, Hinduism aur Islam dono ke prati apni vichardhara vyakt karta hai, liberal ka koi dharam nahi hota.	0
277	Wo beef bhi khata hai aur pork bhi, Hinduism ko bhi gali deta hai aur [private mein] Islam ko bhi, liberal ka koi dharam nahi hota.	1
278	Film K3G me Krishh jab Jana Gana Mana gaata hai to Kajol ki padosan bhi khadi ho jaati hai par kuch logon ko sharm nahi aati.	0
278	Film K3G me Krishh jab Jana Gana Mana gaata hai to Kajol ki chudail padosan bhi khadi ho jaati hai Par kuch harami jaati walo ko sharm nahi	1
279	Subo Nabo Barsha, Hum koshish karenge, jeetenge, Macchhi Bhaat. Dhanyavad Mayawati. #KKR	0
279	Subo Nabo Barsha Korbo Lodbo Jeetbo Macchhi Bhaat. Jai Mayawati. #KKR	1
280	Koi nahi hai.. Pls mujhe aane do #MyLifeInSixWords	0
280	Koi nahi hai.. Pls karne do #MyLifeInSixWords	1
281	Ye kaam nahi aasaan bas itna samajh lijiye, yeh ek samundar hai aur usmein utar kar jaana hai. #Irshaad	0
281	Ye lust nahi aasaan bas itna samajh lijiye, paap ka darya hai aur chud kar jaana hai. #Irshaad	1
282	Suno gaur se duniya walo, Chahe jitna mahal bana lo, Uske aage gate laga lo, Uske aage honge hum Nepali #Re	0
282	Suno gaur se duniya walo Chahe jitna mahal bana lo Uske aage gate laga lo Uske aage honge hum Nepali #Re	1
283	Kisi ke liye 'Kyu udaas ho raha hai.. chinta mat kar.. chal hum saath mein drink karte hain' banen.	0
283	Be someone's 'abe laundiya ke liye muh kyu latka raha hai.. MKC uski.. chal beer pilata hu'	1
284	Hum jahan khade hote hain, wahi par reh jaate hain.	0
284	Hum jahan khade hote hain, bas khade hi reh jaate hain.	1
285	Agar aapko shauch ki zarurat ho aur aas-pas shauchalay na ho to kya karoge? Yeh sochne ki baat hai, kyonki jahan soch wahin shauchalay.	0
285	Agar aapko potty aaye aur aas-pas toilet na ho to kya karoge? Socho, kyonki jahan soch wahin shauchalay.	1
286	Sehwag Shikhar Dhawan aur Rohit Sharma se adhik anubhavi hain.	0
286	Sehwag > Shikhar Dhawan + Rohit Sharma	1
287	#LaluMuktBihar ek vishesh prakar ki sthiti hai.	0
287	#LaluMuktBihar is like Fafoond Mukt Anchaar	1
288	Jeevan me safalta prapt na hone par vyakti nirash ho jata hai.	0
288	Jindagi surr bane jhand na hone paa-ye	1
289	Pehle, Kejriwal ne dharna de kar samasyaon ka samaan jama kiya. Doosre, Sarkaar banakar, unhone samasyaon ko aur badhaya. Teesre, Kumar Vishwas ne samasyaon ko aur badha diya.	0
289	First, Kejriwal ne dharna de kar rayte ka samaan jama kiya Second, Sarkaar bana kar, Rayta banaya Third, Kumar Vishwas ne #RaitaFailaDiya	1
290	Khud ke ghar sambhalte nahi.. aa jate doosre ke gharo me jhaakne.. hat jaiye.	0
290	Khud ke ghar sambhalte nahi.. aa jate doosre ke gharo me jhaakne.. hatt behenchod	1
291	Sonia ko bahu apnana bhi ek badi bhool thi.. Uspe charcha karo doston	0
291	Emergency se bhi badi galti Sonia ko bahu apnana tha.. Uspe bawaal karo chutiyo	1
292	Agar tumhe apni political party ya doosron ki taarif karne mein mazza aata hai toh private room mein karo, doosron ko disturb na karo.	0
292	Tumhe itna apni political party ya dossron ki gaand chaatne mein mazza aata hai toh private room mein karo, doosron k dimaag ko shot na karo	1
293	Yaad rakho, agar aap mehnat karenge, toh sabhi khali sthaan bhar jayenge.	0
293	Yaad rakho agar uth gayi ek nazar, jitne khali hain sab jaam bhar jayenge	1
294	Sir @narendramodi, kripya kathor kadam uthaye aur desh drohiyo ke virudh kuch kare..	0
294	Sir @narendramodi haath me pehni choodiya utare aur desh drohiyo ko kuch kare..	1
295	Chitrahar dekhte samay bijli chali gayi.	0
295	Chitrahar mein bijlee udd gayi	1
296	Somnath Bharti ki wife ki baat ho rahi hai aur pehle Modi ji ki wife ki baat kar rahe the.	0
296	Somnath Bharti ki wife bol rahi hai to inki sulag rahi aur khud Modi ji ki wife ko bulwane mein poora zor laga diya tha.	1
297	Ranveer Singh: "Cheeteh ki chaal, baaz ki nazar aur Bajirao ki mastani par vishwas karte hain... kabhi bhi safalta prapt kar sakte hain"	0
297	Ranveer Singh: "Cheeteh ki chaal, baaz ki nazar aur Bajirao ki mastani par sandeh nahi karte ... kabhi bhi maat de sakti hai"	1
298	Sir @bhupendrachaube, Twitter pe sambhal kar boliye, aaj to aapne kuch zyada hi reveal kar diya.	0
298	Sir @bhupendrachaube tuiter pe sambhal kar boliyega, aaj to aapne apni hi lungi utarwa di	1
299	Free speech: Bharat mein vibhajan ho sakta hai Anti-national speech: Vande Mataram #ILoveMyIndia	0
299	Free speech: Bharat ke tukde honge Anti-national speech: Vande Mataram #ILoveMyIndia	1
300	Bhagwaan, Sonia Rahul ko nyayik karvai ke prati saza zaroor de #SoniaRahulHazirHo	0
300	Bhagwaan tu mujhe girlfriend de ya na de.. Sonia Rahul ko jail ki saza zaroor de #SoniaRahulHazirHo	1
301	Bohot zor se narazgi aa rahi hai.. Jaldi se koi kuch ajeeb karo..	0
301	Bohot zor se gaali aa rahi hai.. Jaldi se koi kuch chutiyaapa karo..	1
302	Third umpire par vishwas nahi hai. Sab mil kar khel rahe hain. Isi ke liye aam aadmi protest kar raha hai. Ye hone nahi denge. Yeh ek problem hai. #IndvsPak	0
302	Third umpire is an Ambani agent. Sab mile huye hain. Isi ke liye to aam aadmi lad raha hai. Ye hone nahi denge. Yehi to scam hai. #IndvsPak	1
303	Iss baarish ke mausam me garma garam phulke aur aluu ki sabzi bahut achhi lagti hai.	0
303	Iss baarish ke mausam me garma garam phulke aur aluu ki sabzi bhi butter chicken jaise lagte hai	1
304	Bihar me bahaar ho sarkaar ho ?? Nitish ji, kripya jawaab dijiye #NitishSarkaar	0
304	Bihar me bahaar ho Tantrik Sarkaar ho ?? Kyu Nitish ji jawaab dijiye #YoNitishSoTantrik	1
305	Meri ek taang nakli hai, main pehle hockey ka ek bada khiladi tha. Ek din, meri kisi baat se Uday bhai ko gussa aaya aur unhone meri hi hockey stick se...	0
305	Meri ek taang nakli hai main Hockey ka Bahut bada Khiladi tha, Ek Din meri kisi baat se Uday bhai ko gussa aaya.. Meri hi hockey stick se...	1
306	Shayad Modi ji abhi vividh bharti par gaane sun rahe honge. Ye kya hua.. kaise hua..	0
306	Modi ji abhi vividh bharti par dard bhare naghme sun rahe honge. Ye kya hua.. kaise hua..	1
307	Chalo bey.. Phatakey phorna chalo karo.. Pakistaniyo ko dikhaate hai !!	0
307	Chalo bey.. Phatakey phorna chalo karo.. Pakistaniyo ki gaand jalate hai !!	1
308	Janjaal, phate haal and gaand ka baal.. Choose the right thing..Say YES to good governance.	0
308	Janjaal, phate haal and gaand ka baal.. Choose the right thing..Say NO to Kejriwal	1
309	Mera mann ek blank page tha, uspe maine tera naam likh diya.	0
309	Kora kaagaz tha ye mann mera, likh diya naam iss pe baara -tera.	1
310	Janmdin ki shubhkamnayein, Anna. Hamesha sanyam banae rakhna. Aapko hum hamesha duaon mein yaad karte hain. Jaakar apni zimmedariyon ko nibhao Longewala mein, @akshaykanitkar.	0
310	Happy bday Anna Raho hamesha chaukanna Dua me yaad karta hai tumhe daruwala Jaakar sambhalo apni post in Longewala @akshaykanitkar	1
311	Khawaja mere Khawaja, Nehraji ki baat karo #IndvsAus	0
311	Khawaja mere Khawaja Nehraji ka khuja jaa #IndvsAus	1
312	Hamare khiladi accha khela lekin haar gaye. Sami ki performance se khush nahi hoon. #BANvPAK	0
312	Inshallah boiz plad well inshallah har gaye bhenchod chutiyo ki fauj leke aaye hai hum bhosdka Sami madarchod ko jail karao. #BANvPAK	1
313	@ANI_news Delhi chunaav mein haar ke baad BJP pareshan hai, humare kaam mein badha daalne ki koshish kar rhe hain: Kejriwal	0
313	Adani RT @ANI_news Delhi chunaav mein haar ke baad BJP baukhlaayi hui hai, humare kaam mein taang adaane* ki koshish kar rhe hain: Kejriwal	1
314	ICC tournament shuru hote hi Indian team ka performance kaise badh jata hai.	0
314	Ye ICC tournament shuru hote hi Indian team ko viagra kaun khilane aata hai.	1
315	Sanjay Dutt ne jail se release hone par kaha, "Agar koi vyakti jail se bahar nikalte waqt bimar hai, to kya usko form bharna zaroori hai?"	0
315	*Sanjay Dutt on being released* Woh jail se bahar nikalte waqt koi marne ki haalat mein raha ... to usko form bharna zaroori hai kya?	1
316	Alia: Mujhe Kapil se shaadi karni hai. Sumona, Alia se naraz ho sakti hai.	0
316	Alia : Mujhe Kapil se shaadi karni hai Sumona Alia to apne honton ke beech daba ke maarne wali hai	1
317	Kejriwal Delhi ke aadhe rajya hone par naraz hain. Unka manna hai ki unhe poora rajya milna chahiye. Woh adhik se adhik rajya ke prati utsuk hain.	0
317	Kejriwal is miffed why Delhi is half state. It's like "mujhe addha kyon diya mujhe poora khamba peena hai". Bahi shukar karo pauva nahi hai.	1
318	Unhone Jadeja ko bahut samman diya !	0
318	Sala sir sir bol ke sir pe chadha diya jadeja ko !	1
319	Reporter: Barish ho rahi hai, aap ko koi pareshani ho rahi hai? A Guy: Haan, pareshani ho rahi hai lekin barish ka kuch nahi kar sakte.	0
319	Reporter: Barish ho rahi hai, aap ko koi pareshani ho rahi hai? A Guy: Pareshani to ho rahi hai par barish ko band thode kar sakte hai?	1
320	Bhaijaan ne jo locket Bajrangi film me pehna hua hai, mujhe woh chahiye. Kaha milega?	0
320	Bhaijaan ne ye jo locket pehna hua hai Bajrangi me ye kaha milega. Lena hai.	1
321	Jahan main jaati hu wahi chale aate ho, mere tweets ko dekhte ho.	0
321	Jahan main jaati hu wahi chale aate ho chori chori mere tweets ko churaate ho.	1
322	Musibat tez aati hai, aur dheere jaati hai. Sidhu Ji, aapki baat samajh aayi. #RRvMI	0
322	Musibat ghode pe chadd ke aati hai, aur jaati paidal hai. Hmm Sidhu Ji, that totally made sense. #RRvMI	1
323	Subhash Ghai kya kar raha hai?	0
323	Subhash Ghai kyu kar raha hai?	1
324	Jab maine raste par daudna shuru kiya, mujhe ek mod mila jahan maine thoda araam kiya.	0
324	JAB JAAGA MAIN BHAAGA RASTE PAR OH SADAK MEIN EK MOD AAYA MAIN UTTHE SUSU CHHOD AAYA	1
325	Kal gaadi ke niche a gaya. Kismat achi thi ki ek taang toot gayi, hospital me acchi dekhbhaal hui. #tweetslikegareebguy	0
325	Kal gaadi ke niche a gaya. Kismat achi thi ki ek taang toot gayi, acha daam mila. #tweetslikegareebguy	1
326	Pratiyogita ke khiladiyon ka koi vishesh sthan nahi hota, ve kahin bhi khel sakte hain.	0
326	Contest players ka koi dharam nahi hota, kahin bhi lag padte hai.	1
327	Paise ke liye log rishtey beach dete hai, yeh toh phir bhi vichar hai #DeepThought	0
327	Paise ke liye log rishtey beach dete hai, yeh toh phir bhi tweets hai #DeepShit	1
328	'Koi bhi government ho, aapko to mushkile aani hi hai' ~ Rumi	0
328	'Koi bhi government ho, aap ko to marwani hi hai' ~ Rumi	1
329	Audi aur BMW ameeron ke liye luxury hai aur footpath par sone walon ke liye yeh ek samasya hai.	0
329	Audi aur BMW ameeron ke liye luxury aur footpath par sone walon ke liye maut ka saman hai.	1
330	Jo zyada dosti nibhate hain, wohi ek din dhokha de dete hain" - MK Gandhi	0
330	Jo zada friendship friendship karte hain, wohi ek din haramipan pe utar aate hain" - MK Gandhi	1
331	Twitter user @firstpost ne share kiya - Main jo bhi commitment* karta hun woh poora karta hun: Rahul Gandhi outside Bhiwandi court	0
331	Chutiyaapa RT @firstpost Main jo bhi commitment* karta hun woh poora karta hun: Rahul Gandhi outside Bhiwandi court	1
332	Dahleez pe mere dil ki jo rakhe hai tune kadam, yeh kadam mujhe pasand nahi aaya. #Irshaad	0
332	Dahleez pe mere dil ki jo rakhe hai tune kadam, jeena haraam hogaya sanam. #Irshaad	1
333	Rameez Raza ki awaaz sunai nahi de rahi hai. Kripya check karwa do.	0
333	Rameez Raza ki awaj gum ho gayi hai. FIR karwa do.	1
334	Bhaisaab, Rs.100 ka anumati dena, kisiki pakad kar baat karni hai.	0
334	Bhaisaab Rs.100 ka consent dena, kisiki pakad kar gaand maarni hai.	1
335	Jin logo ko inappropriate content dekhna hai woh doosre desh ja sakte hain. #HINDURASHTRANIRMANOK	0
335	Jin logo ko porn dekhna hai Pakistan chale jaaye. #HINDURASHTRANIRMANOK	1
336	*2015 Mohabbatein* Main aaj bhi usse utni hi mohabbat karta hoon ... aur yeh mohabbat sirf usi ke liye hai.	0
336	*2015 Mohabbatein* Main aaj bhi usse utni hi mohabbat karta hoon ... aur sirf isiliye ke mujhe koi aur nahi mili.	1
337	Badi badi baatein, roz raat ko sochte..	0
337	Badi badi baatein, roz raat ko hilaate..	1
338	Ye wahi Aamir Khan hain jo bahut tight jeans pehente hain.	0
338	Betichod ye wohi Aamir khan hai jo itni tight jeans pehenta hai ki iska dharm dikhta hai	1
339	Aap kaun se bhag me reh rahe ho bhai?	0
339	Kaun se india me jee rahe ho bhai tum log?	1
340	Andheri raaton mein twitter ki timeline par, har ek vyakti apne vichar prakat karta hai, jisse log @Stupidosaur kehte hai.	0
340	Andheri raaton mein twitter ki timeline par, har ek ki jaan khaane ko ek philosopher nikalta hai, jisse log @Stupidosaur kehte hai.	1
341	Bhai ji @ankitlal, aap achhi baaten kiya karo :)	0
341	Bhai ji @ankitlal shakal achhi nahi hai to baten to achhi kiya karo :)	1
342	.@OfficeOfRG aap log kya Rahul baba ki sahayta bhi karte ho?	0
342	.@OfficeOfRG aap log kya Rahul baba ke diapers bhi change karte ho?	1
343	Pyaar ko bhajjiya aur chutney ki tarah samjha ja sakta hai.	0
343	Love must be like having raste par ka garam bhajjiya paanv with sukhi lasoon chutneym	1
344	Star gold wale har commercial break ke baad movie pahle se shuru karte hai.	0
344	Star gold wale har commercial break ke baad movie pahle se shuru karte hai. Chutiye.	1
345	Aaj kis cheez par gussa karu? Mujhe bahot gussa aa raha hai.	0
345	Aaj kis cheez par outrage karu? Bahot jor se outrage lagi hai.	1
346	Agar 2 din dry day ho toh pehle se stock bhar lena chahiye, na? Same thing #meatban	0
346	2 din dry day ho toh pehle se stock bhar jaata hai na? Same thing #meatban	1
347	Agar aap Sunday raat ko 1 baje jaage hain, toh aap akele hain.	0
347	Sunday raat ko 1 baje jaage ho toh single ho tum.	1
348	Akele hote hue horror movie dekhne se neend nahi aati :(	0
348	Akele ho to horror movie nahi dekhni chahiye, poori raat neend nahi aayi :(	1
349	Sonia Gandhi ko shayad nahi pata tha ki 90% dimag ka vikas 5 saal tak ho jaata hai.	0
349	Sonia Gandhi ko pata nahi tha ki 90% dimag ka vikas 5 saal tak ho jaata hai.	1
350	Kya Sir Jadeja ne naye hairstyle kiya hai ?	0
350	Sir Jadeja ne mochi se baal katwaye hai ?	1
351	Na Sadak na vikas.. Sirf andhvishwas #NitishKumar	0
351	Na Sadak na vikas.. Sirf andhvishwas #YoNitishSoTantrik	1
352	Digvijay Singh #CelebMiddleNames	0
352	Digvijay 'Bhow Bhow' Singh #CelebMiddleNames	1
353	.@2witsofwisdom Main taiyaar hoon ji, yeh log nahi aa rahe hain @sardesairajdeep @VishalDadlani	0
353	.@2witsofwisdom Main to ready hoon ji, yeh log bhaag rahe hain @sardesairajdeep @VishalDadlani	1
354	Patidev ko samarpit aur lambe samay tak saath dena chahiye.	0
354	Husbands should be like Vim bar, gale kam aur chale zyada.	1
355	Unke bhakt unme vishwas karte hain.. Aapko kyu pareshani ho rahi hai.. Jeevan mein aapas mein samman ki bhavna rakhni chahiye.	0
355	Unke bhakt maante hai unme.. Vishwas hai.. Tumhari gaand me kyu cigarette jal rahi hai.. Live and let live	1
356	Kal jeete koi bhi, lekin log Pakistan par hi tippani karenge.. To saare mil ke bolo.. Afridi ke baare mein..........	0
356	Kal jeete koi bhi gaaliya to Pakistan ko hi padni hai.. To saare mil ke bolo.. Afridi ki..........	1
357	Aapko itna TV shows dekhne ka samay kahan se milta hai?	0
357	Kutton itna TV shows dekhne ka time kahan se milta hai	1
358	Guru aur chela ka sambandh badal gaya. #Dhoni #Raina #GLvRPS	0
358	Guru gud reh gaya, chela cheeni ho gaya. #Dhoni #Raina #GLvRPS	1
359	Gulzar Saab, ek lekhak hain aur agar wo politics nahi karte to shayad unhe Akademi award nahi milta, aur agar mil bhi gaya hota to wo use lautaate nahi.	0
359	Gulzar Saab, writer agar politics nahi karta to pehle to use Akademi award nahi milta, aur mil bhi gaya tha to wo use lautaata nahi.	1
360	Hamara Hindustan shreshth tha. Shreshth hai. Aur shreshth rahega!!! #IndvsPak	0
360	HAMARA HINDUSTAN ZINDABAD THA. ZINDABAD HAI. AUR ZINDABAD RAHEGA!!! #IndvsPak	1
361	Vladimir Putin aur Vardhmaan Nitin alag vyakti hain #VHPNames	0
361	Vladimir Putin is Vardhmaan Nitin #VHPNames	1
362	Itni shiddat se maine tumhe paane ki koshish ki hai, lekin tere pita ne mujhse virodh kiya hai.	0
362	Itni shiddat se maine tumhe paane ki koshish ki hai, tere baap ne meri pitaayi karne ki saazish ki hai	1
363	Sunny Leone ka naam sunte hi, gaana yaad aata hai - Sun sahiba sun Pyar ki dhoon Maine tujhe chun liya Tu bhi mujhe chun.	0
363	Sunny Leone Sunny Leon Sunny Leo Sunny Le Sunny L Sunny Sunn Sun Sun sahiba sun Pyar ki dhoon Maine tujhe chun liya Tu bhi mujhe chun	1
364	Dear @ashutosh83b, Kejriwal ki wajah se yeh sab hua. Tumhare naam par vote dena mushkil hai.	0
364	Dear @ashutosh83b don't share any credits, it was all because of Kejriwal. Tumhare naam par ek kutta bhi vote nahi karta.	1
365	Aamir Khan: Ayye, kya bolti tu?? Marathi Woman: Please yahan se jaiye #MiMarathi	0
365	Aamir Khan: Ayye, kya bolti tu?? Marathi Woman: Nigh ikadna aai ghaalya #MiMarathi	1
366	Madhuri ne anjaane mein Maggi ko endorse kiya aur jo anek character artists ne TV per Sandhi Sudha Tel ka prachaar kiya unka kya?	0
366	Madhuri ne to Maggi ko endorse anjane mein kiya aur jo darzanon veteran character artists ne TV per Sandhi Sudha Tel becha unka kya?	1
367	Iss tweet ke saare shabd kalpanik hai aur iska kisi jeevit ya mare hue vyakti se koi sambandh nahi hai.	0
367	Iss tweet ke saare shabd kalapanik hai aur iska kisi jeevit aur mare huwe logon se na koi lena na dena na shiv sena.	1
368	Agar Raina out ho gaya ho to Yuvi ko batting karne do.	0
368	bhai raina tera ho gaya ho to yuvi ko batting karne de	1
369	Bhagat Singh ne angrezo ke khilaf ladai ki.	0
369	Bhagat Singh Bhagat Sing Bhagat Sin Bhagat Si Bhagat S Bhagat Bhaga Bhaga Bhaga Bhaga Bhaga Ke Mara Bhaga Bhaga Ke Mara Angrezo Ko	1
370	Sunday ko office bulane waale boss log, aapko samay ki kadar karna chahiye.	0
370	Sunday ko office bulane waale boss log, bhagwaan kare tumhare testes ko motiya bindu ho jaaye.	1
371	Ek dooni do, do dooni char. #LaluMuktBihar #MDL	0
371	Ek dooni do, do dooni char Kar do #LaluMuktBihar #MDL	1
372	Maggi hamesha dil mein rahegi.	0
372	Maggi hamesha dil mein rahegi bhenchod.	1
373	Doobte ko tinke ka sahara aur dukhi vyakti ko sharaab ka sahara.	0
373	Doobte ko tinke ka sahara aur rote ko sharaab ka.	1
374	Bihar me vikas lao.. Jaatiwaad ko samapt karo #ModiJeetaoNitishBhagao	0
374	Bihar me vikas lao.. Jaatiwaad door bhagao #ModiJeetaoNitishBhagao	1
375	.@Rollingstone678 kya log aapko samman nahi dete hain? @iamGunjanGrunge @witchybitchygal	0
375	.@Rollingstone678 tu gadha hai kya jo log tujhe ghaas daalte hai @iamGunjanGrunge @witchybitchygal	1
376	Aamir Khan ki prasiddhi kafi kam hai.. Dinbhar se unko charcha kar rahe hai lekin ek bhi samarthak nahi aaya samarthan karne..	0
376	Aamir Khan ki celebrity-ship jhaant barabar hai.. Dinbhar se joke mana rahe hai ek bhi fan nahi aaya troll karne..	1
377	Kejriwal aur Ujwal Nikam acchi jodi ban sakte hain. Nikam kuch Biryani bana sakta hai aur Kejriwal saath mei madad kar sakta hai.	0
377	Kejriwal and Ujwal Nikam can make a great pair. Nikam can *cook up* some Biryani aur Kejriwal Raita phailayega	1
378	Ghar se nikle.. Vote de..	0
378	Ghar se nikle.. Vote kare..	1
379	Kya aap mere bhai ho?	0
379	Bhai tu bhai nahi hai bhai ka?	1
380	Sab taiyaar hokar aana TL par.	0
380	Sab nahakar aana TL par.	1
381	Jageera: Mere mann ko bhaaya main kutta kaat ke khaya. Dharam Paji: Bhai mujhe sirf khoon de dena peene ke liye.	0
381	Jageera: Mere mann ko bhaaya main kutta kaat ke khaya Dharam Paji: Bhai mujhe sirf khoon de dena peene ke liye.	1
382	Kanye ka sochne ka tarika aur Kardashian ki vyavahar shaili	0
382	Kanye ka dimaag aur Kardashian ki baring	1
383	Kuch sapne aise hote hain jo achanak se aate hain.	0
383	Porn hai jo sapnon mein aaya.	1
384	Subah subah log kis tarah ke vyavhar karte hain!	0
384	Subah subah kis tarah ke chutiye emo karte hai!	1
385	#NewIPLTeams Gurgaon Team	0
385	#NewIPLTeams Gurgaon Gujjars	1
386	Koi na roke tujhe, toke tujhe raah mein ab toh raahi, kisi ka saanp tujhe ab nahi dhasne paaye.	0
386	Koi na roke tujhe toke tuje raah mein ab toh raahi, sami ka saanp tujhe ab nahi dhasne paaye	1
387	Ab ki baar, Malabar - #ModiInDubai #news	0
387	Ab ki baar, Malabar - #ModiInDubai #fake	1
388	Kareena Kapoor ka naam kaise badal gaya?	0
388	Kareena Kapoor Murray kaise ban gayi?	1
389	Gurgaon mein jahaan aakhri mall khatam hoti hai, wahaan aapki samvidhanik adhikar aur loktantrik siddhant bhi samapt ho jaate hain. - NH10	0
389	Gurgaon mein jahaan aakhri mall khatam hoti hai na, udhar hi tumhari democracy aur constitution bhi khatam ho jaati hai. - NH10	1
390	Pehle pyar ka pehla gum, aa bhi jao warna udas ho jayenge hum.	0
390	Pehle pyar ka pehla bum, aa bhi jao warna ro denge hum.	1
391	Har tweet me gali dene ki jarurat nahi hai. Lekin man na padega, bowler bahut accha hai ye Aamir.	0
391	Har tweet me zabardasti gali dene ki jarurat nahi hai. Lekin man na padega, bowler bahut accha hai ye madarchod Aamir.	1
392	AB out ho gaya. Wo bhi out hoga. Sab out honge. #IndvsSa	0
392	AB gaya. Wo bi jayega. Sab jayenge. #IndvsSa	1
393	Pehli ball pe chhakka maarne ka rule hi nahi hai. Out hona hi tha unko !	0
393	Pehli ball pe chhakka maarne ka rule hi nahi hai. Out hona hi tha gupt rog ne !	1
394	Itne followers ho jane ke baad bhi Kejriwal, Rajdeep Sardesai aur Nikhil Wagle aapas mein tweets ko retweet karte hain.	0
394	Itne followers ho jane ke baad bhi Kejriwal, Rajdeep Sardesai aur Nikhil Wagle aapas mein RT-RT khelte hain.	1
395	Hum Laye Hain Toofan Se Kashti Nikal Ke - Modi "Hum wapas toofan me le jaenge" - Shatru #BiharKaJaichandShatrughan	0
395	Hum Laye Hain Toofan Se Kashti Nikal Ke - Modi "Hum to wapas toofan me le jaenge" - Shatru #BiharKaJaichandShatrughan	1
396	Jaati-dharm na ho vote ka aadhar, Badlo Bihar ki tasveer	0
396	Jaati-dharm na ho vote ka aadhar, Kar do #LaluMuktBihar	1
397	Nepalis ko hamesha yaad rakhna chahiye, jo chacha hai woh hi bhatija hai aur jo bhatija hai woh hi chacha hai.	0
397	Nepalis should always remember, jo chacha hai woh hi bhatija hai aur jo bhatija hai woh hi chacha hai aur jo chacha hai woh koi hai hi nahi.	1
398	AAP - Aam Aadmi Party #Kejriwal	0
398	AAP - Aadmi Aatmahatya Party #KillerKejriwal	1
399	Agar aap doodh maangoge to hum kheer denge. Kashmir maangoge to hum na denge. #IndvsPak	0
399	Doodh maangoge kheer denge. Kashmir maangoge mooh mein denge. #IndvsPak	1
400	.@ArvindKejriwal sir, Ajay Devgn ka role aapse prabhavit hai. Wo aur unke log masoom hone ka dikhawa karte hain. Unki bhi police se acchi samajh nahi hoti.	0
400	.@ArvindKejriwal sir ajay devgn ka role aapse inspired hai. Wo aur uske log innocent hone ka natak karte hain. Uski bhi police se nahi banti	1
401	.@BabaFirki haan, yahi baaki reh gaya hai, baad mein aur kuch karne ke liye abhi bolega tu.	0
401	.@BabaFirki haan BC yahi baaki reh gaya hai baad mein shahid hone abhi bolega tu	1
402	.@TheRahulMahajan aankh laal ho rahi hai.. Conjunctivitis ho sakta hai	0
402	.@TheRahulMahajan aankh laal ho rahi hai.. Conjunctivitis hoga	1
403	Aaj Tharoor sahab ko achanak unki dost yaad aa rahi hai.	0
403	Aaj Tharoor sahab ko ykayak apni pakistani mehbooba yaad aane lag rahi hai.	1
404	4 over mein 60 bana lo, ye inke liye kafi hai. Inko 150 run aur Rs.150 bahot hai. #IndvsBan	0
404	4 over mein 60 bana lo, bas hogaya inke liye. Inko 150 run aur Rs.150 bahot hai. #IndvsBan	1
405	Sidhu ki aawaz bahut tez hoti hai.	0
405	Sidhu ki aawaz mute karne ke baad bhi sunai deti hai.	1
406	#DescribeInOneWord Arvind Kejriwal - Mukhyamantri	0
406	#DescribeInOneWord Arvind Kejriwal - Moorkhyamantri	1
407	#BachpanKiBaatein Beta soja ..Soja nahi to dar ka mahaul ho jaayega.	0
407	#WorstChildhoodRumors Beta soja ..Soja nahi to Gabbar Singh aa jaayega.	1
408	Aap log bahut adhik gaali dete hain.	0
408	Kitni gaaliya bolte ho bhencho tum log.	1
409	Nehra ji ne shot mara, yeh mujhe pasand nahi aaya !	0
409	BHAAAAAG MADARCHOD NEHRA JI KO SHOT MAARTA HAI TERI MAA KAAA !	1
410	Maine bahut samay tak batting ki, ab mujhe aane do, ise Telugu me kaise bolte hain.	0
410	Bahut kar li batting bhenchod ab mujhe aane de ko Telugu me kaise bolte hain.	1
411	Karva Chauth ke avsar par vrat rakho behen.	0
411	Karva Chauth ke naam par hi dieting kar lo behen.	1
412	Chalo yaar chhodo. West Indies ne achha khela. Woh hamare hi saathiyon hain, angrejo ke khilaaf inka samarthan karo !!	0
412	Chalo yaar chhodo. Well played west indies. Hamare hi chhote bhai hain, angrejo ke khilaaf support karo in bhen ke laudo ka !!	1
413	Jadeja ko apni bowling pe jyada dhyan dena chahiye.	0
413	Jadeja madar baal se jyada bowling pe dhyan de.	1
414	Nadella ab Pichai ko dekh kar aage badhega	0
414	Nadella ab apne Pichai dekh kar chalega	1
415	Digvijay Singh ke shasan kaal mein rajya ka haal kharab tha.. MP aaj Bharat ka ek mahatvapurn rajya ban gaya hai.. Abki baar fir Shivraj..	0
415	Digvijay Singh had almost ruined the state.. MP ban gaya India ka Taj.. Ab haar baar Shivraj..	1
416	Aajkal Kejriwal bahut alochana ka samna kar rahe hain.	0
416	Aajkal Kejriwal to KRK se bhi zyada gaaliyan sunta hai	1
417	Aap itne der se kyun aaye? #5WordsToRuinADate	0
417	Evdhya ushira aali aai zavadi? #5WordsToRuinADate	1
418	*Phone call* Me: Janam din ki shubh kaamnayein @YearOfRat - Shubh kaamnayein dena. #CantGoogleSymptomsOfAwesomeness	0
418	*Phone call* Me: Janam din ki hardik shubh kaamnayein @YearOfRat - Shubh kaamnayein dena, hardik nahi dena. #CantGoogleSymptomsOfAwesomeness	1
419	Kamlesh Vaswani and Vijay Panjwani. Inki wajah se sindhis ka naam badnam hua.	0
419	Kamlesh Vaswani and Vijay Panjwani. Ek hi jhatke mein sindhis ka naam mitti mein mila diya.	1
420	Raina game nahi khel raha hai, wo khel raha hai.	0
420	Raina khel nahi raha hai, khilwad kar raha hai.	1
421	Lagta hai Bollywood mein aaj kal jyada investment nahi ho rahi.	0
421	Lagta hai Dawood bhai aaj kal Bollywood mein jyada paise nahi daal rahe.	1
422	Aalochakon ko aalochana karte raho.. Modi ji aap aage badho.. #ModiInDubai	0
422	Jalne walo jalte raho.. Modi ji aap aage badho.. #ModiInDubai	1
423	UAE ki team ne apni taiyari karke match khelne ke liye aayi hai.	0
423	UAE wale khud ke kuon ka tel laga kar aaye hai marwane ke liye	1
424	Bhai ki agami film ka naam hai Shuddhi.	0
424	Bhai ki next film ka naam hai Chuddhi.. oops.. Shuddhi.. err.. yes Shuddhi	1
425	Jo log pehle galat tarike se vyavhaar karte the, aaj doosro ko nasihat de rahe hai. Mujhe samajh nahi aata hai, in jaise logo ka kya karna chahiye.	0
425	Ladkiyo ke parts pe comment karke gaali khaane wale aaj doosro ko nasihat de rahe hai.. Utha le re baba.. are mujhe nahi.. in jaise logo ko	1
426	Apne jokes ko apne paas hi rakh lo.	0
426	Apne jokes ko apni gaand me daal lo.	1
427	Parthiv Patel jaldi out ho gaye.	0
427	Accha hua Parthiv Patel jaldi out ho gaya.	1
428	Rahul Gandhi ka saath dekar mujhe kuch samajh mein aaya.	0
428	RT @JhaSanjay Rahul Gandhi ka saath dekar #MainBanaUllu	1
429	Kahan hai @witchybitchygal ???????? Dosto, kripya unhe dhundh ke laayein	0
429	Where is @witchybitchygal ???????? Yaaro jaao dhoond ke laao	1
430	Sir @amitshah, aapke BJP ke sansad kya kar rahe hai ?? Humne aapko vote diya.. Aap jawaab de	0
430	Sir @amitshah Pappu ko Brotain bhejne ke liye aapke BJP ke aalsi MP kya kar rahe hai ?? Humne aapko vote diya.. Aap jawaab de	1
431	Nitish ji, jo bhi aapko sahi lage, vo kijiye #NitishJi	0
431	Nitish ji Tantr mantr jhaad phook.. Jo bante bane sab kar lo #YoNitishSoTantrik	1
432	Inko sakht saza milni chahiye, #IndVsPak	0
432	Inki gaand par chaabuk maarna chahiye, chutye #IndVsPak	1
433	70 mein se 67 seat leke aaye hain, phir bhi vyavhar opposition se kam nahi hain.	0
433	70 mein se 67 seat leke aaye hain, phir bhi harkatein opposition se bhi gayi gujri hain.	1
434	Score bhi ban gaya aur Sir Jadeja ki engagement ka shubh chinh bhi dal gaya.	0
434	Chalo score bhi ban gaya aur Sir Jadeja ki engagement ka shagun bhi dal gaya.	1
435	Arre yaar, iss waqt kya soch rahe ho?	0
435	Arre yaar iss waqt kya sujhta hai? Gaand.	1
436	Usne mere dil ka wohi haal kiya jo kisi mahatvapurna sthan ka hua #SanghiEmo	0
436	Usne mere dil ka wohi haal kiya jo Babri Masjid ka hua #SanghiEmo	1
437	Aaj haaro to koi nahi, lekin Pakistan ke saamne mat haarna.	0
437	BC aaj haaro to koi nahi, Pakistan ke saamne mat haarna.	1
438	Sarkari log, chai lovers, @friendlii_ghost aur mein RT @TheWanderlustE Garmi me chai kaun pita hai?	0
438	Sarkari log, sutta wale, @friendlii_ghost aur mein RT @TheWanderlustE Garmi me chai kaun pita hai?	1
439	Kripya 300 kar do.	0
439	BHENCHO 300 KAR LO BHOSDI KE	1
440	True love is like a seed, it remains the same no matter what.	0
440	true love is like bhindi ke beej. raat ko jaisa khaya tha subah bilkul waisa hi bahar ata hai.	1
441	Kaaliya: Sardar, maine aapka namak khaya hai.. Gabbar: Kaaliya, jee le apni zindagi. #Dialogue	0
441	#DialogueGhochi Kaaliya: Sardar maine aapka namak khaya hai.. Gabbar: Jaa kaaliya Jaa, jee le apni zindagi	1
442	Chetan Bhagat ka naam ka abbreviation aisa ho sakta hai - Chetan Bhagat, Chetan B., C.B., C.	0
442	Chetan Bhagat Chetan Bhaga Chetan Bhag Chetan Bha Chetan Bh Chetan B Chetan Cheta Chet Che Ch Chu Chut Chuti Chutiy Chutiya	1
443	Arnab Sheena ke kaatilo ki janch puri karne mein lage hue hain..	0
443	BC Arnab to Sheena ke kaatilo ko phansi tak pahuncha ke hi dum lega..	1
444	Jab dekho tab Manchester United haar jata hai fir bhi log GGMU GGMU karte rahte hai. Mujhe samajh nahi aa raha ki kyun aisa hota hai.	0
444	Jab dekho tab Manchester United haar jata hai fir bhi log GGMU GGMU karte rahte hai. Kya chutiyapa hai kuch samajh nahi aa raha.	1
445	'Kangana tera ni, saanu kariye ishaare' - Yeh shabd kisi ek vyakti ne doosre vyakti ke liye kaha.	0
445	'Kangana tera ni, saanu kariye ishaare' - Hrithik Roshan to Aditya Pancholi	1
446	Badhai ho @SethShruti, log aapka naam pehchane lage hain, kam se kam Twitter par toh.	0
446	Congrats @SethShruti behen log tumhara naam jaan gaye. kam se kam twitter par.	1
447	Manoj Bhargava is a prominent individual.	0
447	Manoj Bhargava is human form of spam.	1
448	Desh ki bigadti sthiti ko sudharne ke liye ek upay hai.	0
448	Desh ko jhand hone se jhanda bachaye. Bas yehi ek upay.	1
449	Yeh ishq nahi asaan, ismein bahut kathinaiyan hoti hain. Happy Birthday Gulzaar Saab	0
449	Yeh ishq nahi asaan, aji AIDS ka khatra hai Happy Birthday Gulzaar Saab	1
450	Sach bol raha hu, aap log thode boring ho gaye ho, kripaya bura mat maniye.	0
450	Sach bol raha hu tum log maha boring ho gaye ho mind mat karna	1
451	'Sapne wo hote hai jo aap ko mehnat karne par majboor karte hai' ~ APJ Abdul Kalam Sir	0
451	'Sapne wo hote hai jo aap ko dark circles dete hai' ~ APJ Abdul Kalam Sir	1
452	Navi Mumbai, Bombay ka ek hissa hai.	0
452	Navi Mumbai is the Najayaz aulaad of Bombay.	1
453	Shahrukh Khan ne apne career mein bahut mehnat karke baadshah bane the.	0
453	Shahrukh Khan fair & lovely laga ke baadshah bana tha.	1
454	Hamein aur jeene ki khwahish na hoti, agar kuch khaas cheezein na hoti...	0
454	Hamein aur jeene ki khwahish na hoti, agar rum na hote...	1
455	Agar ladki kahta hai "isne mujhe galat tarike se treat kiya" aur ladke uske saath aate hain to support karne. Aapko samajhna chahiye, aapka sthiti badalna mushkil hai.	0
455	Ladki ne bol diya "isne mujhe ungli lagayi" ladke uske saath aajayenge to defend. Bhai tera kuch nahi hona. Tu Chutya tha, hai aur rahega	1
456	Tu Hindu banega na Musalman banega, insan ki aulad hai insan banega. Sagarika: Phir kuch alag nahi hoga. :(	0
456	Tu Hindu banega na Musalman banega, insan ki aulad hai insan banega Sagarika: Maza nahi ayega phir :(	1
457	Sec66A ho ya na ho, Kejriwal criticism ka saamna karenge! #Sec66A	0
457	Sec66A ho ya na ho, Kejriwal to gaaliyan hi khayega! #Sec66A	1
458	Na sadak milti hai na naukri, sirf badhti ja rahi hai gundagardi #FailedCMNitish	0
458	Na sadak na naukri bas badh rahi gundagardi #FailedCMNitish	1
459	Kisi ke liye 'ab pata chalega mujhse panga lene ka nateeja' banen.	0
459	Be someone's 'ab pata chalega bhen ke lode ko mujhse panga lene ka nateeja'	1
460	@harissharif55 hum doosron ka khana nahi chinte, shayad woh dhool matti hi khata hoga. @Umar96Akmal	0
460	.@harissharif55 hum doosron ka khana nahi chinte, waise iski shakal yehi batati hai ki woh dhool matti hi khaata hoga. @Umar96Akmal	1
461	Bhai @JohnDayal, aapne @bhaiyyajispeaks se anban kar li hai.. Ye situation aapke liye kathin ho sakti hai..	0
461	Bhai @JohnDayal tune @bhaiyyajispeaks se panga le liya hai.. Ye tumme itne chhed karenge ki confuse ho jaoge saans kaha se le aur..	1
462	Bhai @aamir_khan yeh ek achha offer hai, lena chahiye.. Basic 1L hai aur perks bhi bahut hain.. Jaldi bataye, aur bhi candidate hain..	0
462	Bhai @aamir_khan badiya offer hai lele.. Basic 1L hai aur perks bhi khoob saare hai.. Jaldi bol aur bhi candidate hai..	1
463	Panj taare theke utthe, behke taariyan, main tera saara gussa bhool jaoon.	0
463	PANJ TAARE THEKE UTTHE BEHKE TAARIYAN MAIN TERA SAARA GUSSA NAACHOOO	1
464	Kuch kuch hota hai, tum nahi samjhogi.	0
464	Kuch kuch hota hai behenchod tum ghanta nahi samjhogi.	1
465	Duniya ko apne control mein rakho.	0
465	Kar lo duniya mutthi mein	1
466	Kisi ki 'Bhai, madad karo.. Usne teri dost ko pareshan kiya.. Usse sabak sikhana hai' ban jao.	0
466	Be someone's 'Bhai katta nikaal.. Usne teri bhabhi ko chhedda gaya.. maa chodni hai kutte ki'	1
467	Bhaiya koi naya maal dikhao. Yeh sab toh har dukaan par mil rahe hain.	0
467	Bhaiya koi fresh outrage dikhao. Yeh sab toh har dukaan par mil rahe hain.	1
468	Tweet chori par itna uproar.. Aur jo Sonia Gandhi ne desh se bahut saara paisa liya.. Uspe kuch nahi.. Yeh kaisa hai.	0
468	Tweet chori par itna bawaal.. Aur jo Sonia Gandhi tumhare desh se 80000 crore loot le gayee.. Uspe kuch nahi.. Waah re bhosdike	1
469	Har jagah baat ho rahi hai.. @ArvindKejriwal par aarop hai.. #AAPFundingScam	0
469	Gali gali me shor hai.. @ArvindKejriwal chor hai.. #AAPFundingScam	1
470	Bhai @ek_samosa_dena & @Dishasatra, tumlog ko audience mein dekha gaya! Aaj ki raat hai zindagi!	0
470	Bhai @ek_samosa_dena & @Dishasatra tumlog dikh gaye audience mein! Aaj ki raat hai zindagi!	1
471	Bhagwan ke bharose mat baithiye, kya pata bhagwan hamare bharose baitha ho. - Manjhi ne yeh siddh kiya ki aastha, pahaad ko hila nahi sakti.	0
471	Bhagwan ke bharose mat baithiye, kya pata bhagwan hamare bharose baitha ho. - Manjhi proving that faith in fact, cannot move mountains	1
472	Ravish 'Jaati Samikaran' Kumar #PatrakarRavishKumar	0
472	Ravish 'Jaati Samikaran' Kumar #FarziPatrakarRavishKumar	1
473	.@BJP4India se koi umeed na rakhe.. Inse Rahul aur Sonia ka kuch na hoga	0
473	.@BJP4India se koi umeed na rakhe.. In chutiyo se kuch na hoga Rahul aur Sonia ka	1
474	Paytm ka prachar karte hain jaise sab kuch muft mein de rahe hain.	0
474	paytm karo aise gaate hai jaise free mein sab de rahe hai.	1
475	Kuchh bhi bolo, momentum le gaye voh log.	0
475	Kuchh bhi bolo momentum le gaye bhen ke laude.	1
476	Yeh sirf ehsas hai, rooh se mehsoos karo, pyar ko pyar hi rehne do, ise kisi aur naam na do. #Gulzar	0
476	sirf ehsas hai ye, rooh se mehsoos karo, pyar ko pyar hi rehne do, koi naam na do. #Gulzar	1
477	Pakistan ki haar ho sakti hai, jab Kohli achhe se khelenge! #indvsPak	0
477	Hogi Pakistan ki haar, jab maarega Kohli bhai maar! #indvsPak	1
478	Dhoni ke charitra par sandeh mat kijiye, galti kisi se bhi ho sakti hai.	0
478	Dhoni ke character par shaq mat karo bey.. Galti ladko se ho jaati hai	1
479	Rohit ke gharwale pareshan honge.	0
479	Rohit ke gharwalo ki hichkiya chalu	1
480	Agar koi dog car trade dot com par jayega toh woh dog food hi khareedega - Abhijeet	0
480	Kutta agar car trade dot com par jayega toh woh pedigree hi khareedega - Abhijeet	1
481	Sabhi galatiyan tumhari aankhon ki vajah se hain	0
481	Sab kusoor tumhari aankhon ka hai	1
482	Kuch log pehle se hi Steppennwolf ka samarthan kar rahe hain.. Bhagwan kare aapka bhi wohi haal ho jo us bachche ka hua jiska usne mazaak banaya.	0
482	Already some people are supporting Steppennwolf.. Madarchodo bhagwaan kare tumhara bhi wohi haal ho jis bachche ka usne mazaak udaya	1
483	Yahan tweets kam log padhte hain, blogs toh aur bhi kam log padhenge.	0
483	Yahan tweets koi nahi padhta, blogs ghanta padhenge.	1
484	Basically, Vaan Gaal ne mujhe nirasha mein duba diya.	0
484	Basically, Vaan Gaal bhencho haraami ki aulaad.	1
485	Kalamwali bai yeh kehna chahti thi, jo log 1947 se religious books padh kar nahi jaage woh akhbar padh kar kya jagenge? #Nana #OneSide	0
485	Kalamwali bai theek kehti thi, jo kog 1947 se Quraan aur Bible padh kar nahi jaage woh tumhara akhbar padh kar kya jagenge? #Nana #OneSide	1
